/*!40101 SET @OLD_CHARACTER_SET_CLIENT=@@CHARACTER_SET_CLIENT */;
/*!40101 SET NAMES utf8 */;
/*!50503 SET NAMES utf8mb4 */;
/*!40103 SET @OLD_TIME_ZONE=@@TIME_ZONE */;
/*!40103 SET TIME_ZONE='+00:00' */;
/*!40014 SET @OLD_FOREIGN_KEY_CHECKS=@@FOREIGN_KEY_CHECKS, FOREIGN_KEY_CHECKS=0 */;
/*!40101 SET @OLD_SQL_MODE=@@SQL_MODE, SQL_MODE='NO_AUTO_VALUE_ON_ZERO' */;
/*!40111 SET @OLD_SQL_NOTES=@@SQL_NOTES, SQL_NOTES=0 */;

DROP DATABASE IF EXISTS project_film;
CREATE DATABASE project_film
  CHARACTER SET utf8mb4
  COLLATE utf8mb4_unicode_ci;
USE project_film;

CREATE TABLE IF NOT EXISTS `baiviet` (
  `Id` int NOT NULL AUTO_INCREMENT,
  `ChuDeBV` int NOT NULL,
  `TenBV` varchar(255) NOT NULL,
  `LienKet` varchar(255) DEFAULT NULL,
  `ChiTiet` text,
  `Anh` varchar(255) DEFAULT NULL,
  `KieuBV` varchar(255) DEFAULT NULL,
  `MoTa` text NOT NULL,
  `TuKhoa` varchar(255) NOT NULL,
  `NguoiTao` int NOT NULL,
  `NgayTao` datetime NOT NULL,
  `NguoiCapNhat` int DEFAULT NULL,
  `NgayCapNhat` datetime DEFAULT NULL,
  `TrangThai` tinyint(1) NOT NULL,
  PRIMARY KEY (`Id`),
  KEY `FK_BaiViet_ChuDe` (`ChuDeBV`),
  CONSTRAINT `FK_BaiViet_ChuDe` FOREIGN KEY (`ChuDeBV`) REFERENCES `chude` (`Id`) ON DELETE CASCADE
) ENGINE=InnoDB AUTO_INCREMENT=4 DEFAULT CHARSET=utf8mb3;

INSERT INTO `baiviet` (`Id`, `ChuDeBV`, `TenBV`, `LienKet`, `ChiTiet`, `Anh`, `KieuBV`, `MoTa`, `TuKhoa`, `NguoiTao`, `NgayTao`, `NguoiCapNhat`, `NgayCapNhat`, `TrangThai`) VALUES
	(2, 4, 'Chuyện Gì Đã Xảy Ra Trong Linh Miêu: Quỷ Nhập Tràng?', 'chuyen-gi-da-xay-ra-trong-linh-mieu:-quy-nhap-trang?', 'Để chuẩn bị cho cuộc đổ bộ phòng vé tháng 11 năm nay, Linh Miêu: Quỷ Nhập Tràng tiếp tục “nhá hàng” những hình ảnh tiết lộ thêm về nguồn gốc của lời nguyền. Khi mà giờ đây, trong gia đình phát hiện có người đã làm tà thuật để kết hợp rắn hổ mang và mèo đe', '673072a4669e3.jpg', 'blog', 'Để chuẩn bị cho cuộc đổ bộ phòng vé tháng 11 năm nay, Linh Miêu: Quỷ Nhập Tràng tiếp tục “nhá hàng” những hình ảnh tiết lộ thêm về nguồn gốc của lời nguyền. Khi mà giờ đây, trong gia đình phát hiện có người đã làm tà thuật để kết hợp rắn hổ mang và mèo đe', 'Venom', 3, '2024-11-10 09:35:08', 3, '2024-11-10 15:45:24', 1),
	(3, 4, 'Đếm 500 Cameo Từ Deadpool & Wolverine', 'dém-500-cameo-tù-deadpool-&-wolverine', 'Là canh bạc lớn Marvel Studios đối phó cơn thoái trào dòng phim siêu anh hùng, Deadpool & Wolverine tung ra hàng loạt chiêu bài lôi kéo khán giả. Dĩ nhiên, những quả trứng Phục Sinh liên quan đến các dự án siêu anh hùng cũ và mới là yếu tố cực kì quan trọng để nhà sản xuất “câu khách”! Stars nắm được bao nhiêu chi tiết ẩn khi xem bộ phim chiếu rạp này? Happy Hogan Từ vai trò tài xế cho Tony Stark, Happy thăng tiến tốc độ chóng mặt và nay đã ngồi vào ghế phỏng vấn tuyển dụng ở  tập đoàn Stark. Không may, Happy thẳng thừng từ chối Wade Wilson dù gã phản anh hùng có màn phỏng vấn xin việc cực kì ấn tượng. Henry Cavill Chỉ xuất hiện đúng một cảnh quay, Henry Cavill và bắp tay khổng lồ gây ấn tượng cực kì sâu sắc. Dù rất nhiều lời đồn đoán rằng “Harry Potter” Daniel Radcliffe sẽ vào vai Wolverine bản mới, có lẽ, Henry Cavill mới là lựa chọn thích hợp hơn. Deadpool còn khẳng định Marvel trả lương cao hơn DC! Johnny Thiên Thần Chắc chắn, khoảnh khắc Chris Evans thốt ra “Flame on!” là một trong những cảnh phim đáng nhớ nhất Deadpool & Wolverine. Những khán giả xem phim siêu anh hùng từ những năm đầu thế kỉ chắc hẳn khó quên Johnny Storm háo thắng bốc đồng ở Fantastic Four (2005) và Fantastic Four: Rise of the Silver Surfer (2007). Những năm gần đây, Chris Evans ghi dấu ấn toàn cầu nhờ hình ảnh “thanh niên nghiêm túc” Captain America. Steve đĩnh đạc thích nhắc nhở các đồng đội “language” trong các bộ phim thuộc vũ trụ điện ảnh Marvel và Human Torch trẻ trâu khác nhau quá đỗi. Công chúng còn đùa vui rằng, xét bản tính tếu táo ngoài đời, Johnny Storm gần với Chris Evans hơn Steve Rogers nhiều.  Gambit Khoảng năm 2014, Fox muốn sản xuất Gambit và chọn Channing Tatum làm nam chính. Thế nhưng, dự án này đã chết yểu trước khi ra mắt. Cáo về tay nhà Chuột, bộ phim riêng cho “thần bài” trở thành điệp vụ bất khả thi. Chính bản thân Channing Tatum cũng chẳng ít lần bày tỏ nỗi thất vọng vì không thể diễn nhân vật này trên màn ảnh. May mắn thay, Deadpool & Wolverine tặng anh cơ hội được khoác lên người tạo hình ngày nhớ đêm mong ấy. “Gambit” Channing Tatum rất thích nói những câu đạo lí, thi thoảng chèn vào lời tự sự về thân phận chẳng biết có tồn tại hay không của bản thân. Dẫu sao thì, Channing Tatum lỡ mất Gambit biết đâu lại tốt, bởi hầu hết công chúng đều bày tỏ Taylor Kitsch (Gambit trong X-Men Origins: Wolverine) hợp vai hơn hẳn. Elektra và Blade Ở tuổi 52, Jennifer Garner vẫn quá đẹp ở tạo hình Elektra bản 2024. Nữ chiến binh từng làm mưa làm gió một thời bởi thân hình quá quyến rũ dù tác phẩm lỗ chổng vó tại các rạp chiếu phim toàn cầu. Khác với Elektra, Blade do Wesley Snipes thủ vai thành công hơn hẳn, sản xuất tận 3 phần. Đặc biệt, Blade: Trinity còn Ryan Reynolds góp mặt. Trong Deadpool & Wolverine, Deadpool nói rằng anh là Blade duy nhất. Đây có phải là dấu hiệu cho thấy Blade phiên bản mới của Mahershala Ali sẽ chìm vào quên lãng mãi mãi? Suốt 5 năm qua, Blade đã đổi biên kịch nhiều lần, vẫn chưa đi vào quá trình sản xuất và Mahershala Ali cũng vắng bóng tại Comic-Con San Diego vừa qua. Xưa nay, không ít lần Marvel Studios ra tay “xử trảm” những dự án từng được kì vọng nếu cảm thấy chúng lỗi thời. Inhumans là ví dụ điển hình. Tại kì Comic-Con lần này, Marvel Studios đã công bố hàng loạt dự án cho các năm 2025-2026: - Captain America: Brave New World (Dự kiến khởi chiếu 14.02.2025) - Thunderbolts (Dự kiến khởi chiếu 05.2025) - The Fantastic Four: First Steps (Dự kiến khởi chiếu 07.2025) - Avengers: Doomsday (Dự kiến khởi chiếu 05.2026) - Avengers: Secret Wars (Dự kiến khởi chiếu 05.2027) Cơ hội dành cho Blade dường như chẳng còn! X-23 Năm 2017, cuộc phiêu lưu đầy máu của Logan và cô bé X-23 Laura đã lấy đi hàng lít nước mắt  khán giả. Thật tuyệt vời khi lại thấy Hugh Jackman và Dafne Keen xuất hiện chung khung hình ở Deadpool & Wolverine. Dù không nhiều đất diễn, Laura chứng minh rõ ràng rằng cô bé xứng đáng với sự hi sinh của Logan!  Avengers Iron Man, Captian America và Thor – những Avengers kì cựu cũng được nhắc đến trong Deadpool & Wolverine. Điều này phần nào chứng minh Trái Đất 10005 mà Wade Wilson đang sống vẫn là vũ trụ gốc – cốt lõi MCU. Dẫu vậy, với một tác phẩm nhiều lần phá vỡ “bức tường thứ 4” như Deadpool & Wolverine, không gì là chắc chắn cả. Spiderman SpideyPool là bộ đôi được yêu thích hàng đầu dàn comic Marvel. Trong Deadpool & Wolverine, khoảnh khắc trên xe, Deadpool dùng cử chỉ phóng tơ của Người Nhện. Thêm vào đó, câu thoại “Mọi Deadpool đều có một Peter.” tiếp tục ẩn ý về Peter Parker lừng danh. Liệu người hâm mộ SpideyPool có cơ hội chứng kiến màn song kiếm hợp bích trên màn ảnh rộng? Và nếu điều tuyệt vời ấy xảy ra thì Tobey Maguire, Andrew Garfield hay Tom Holland sẽ là Người Nhện sánh vai cùng “Deadpool” Ryan Reynolds? X-Men Deadpool & Wolverine dành một đoạn phim tri ân vũ trụ điện ảnh Marvel thuộc Fox với những dị nhân quen thuộc như Charlie Xavier (Patrick Stewart / James McAvoy), Magneto (Ian McKellen / Michael Fassbender), Mystique, Jean Grey, Cyclops, Storm, Quicksilver… Hiện vẫn chưa có thông tin nào việc Marvel sẽ sử dụng dàn diễn viên cũ hay tuyển diễn viên mới cho các phim tiếp theo về Dị Nhân. Credit suýt có Doctor Doom Cùng với việc Deadpool & Wolverine làm mưa làm gió tại các rạp chiếu phim toàn cầu, Marvel Studios àm dậy sóng tại Comic-Con vì hé lộ Robert Downey Jr. tiếp tục đeo lên chiếc mặt nạ mới và trở thành phản diện Doctor Doom. Được biết, sau khi diễn viên thủ vai Kang - Jonathan Majors vướng vòng lao lí, hãng từng liên lạc với Robert Downey Jr. về việc quay lại MCU. Marvel cũng lên kế hoạch cho Doctor Doom xuất hiện ở credit Deadpool & Wolverine. Tuy nhiên, việc này không thành vì lúc đó Robert từ chối. Thời gian sau, ngôi sao đoạt tượng vàng Oscar năm nay mới gật đầu. Dẫu sao, thay Doctor Doom bùng nổ, Deadpool & Wolverine bù lại bằng một after credit cực hài, chắc chắn sẽ khiến khán giả cười ngất ngay cả lúc đã ra khỏi rạp chiếu phim.', '673073b3bdae8.jpg,673073b3bdc3f.jpg', 'blog', 'Là canh bạc lớn Marvel Studios đối phó cơn thoái trào dòng phim siêu anh hùng, Deadpool & Wolverine tung ra hàng loạt chiêu bài lôi kéo khán giả. Dĩ nhiên, những quả trứng Phục Sinh liên quan đến các dự án siêu anh hùng cũ và mới là yếu tố cực kì quan trọng để nhà sản xuất “câu khách”!', 'Cameo', 3, '2024-11-10 09:40:51', 3, '2024-11-10 15:49:55', 1);

CREATE TABLE IF NOT EXISTS `chitiethoadon` (
  `MaCTHD` int NOT NULL AUTO_INCREMENT,
  `MaHD` int NOT NULL,
  `MaSuatChieu` int NOT NULL,
  `MaGhe` int NOT NULL,
  `NguoiTao` int NOT NULL,
  `NgayTao` datetime NOT NULL,
  `NguoiCapNhat` int DEFAULT NULL,
  `NgayCapNhat` datetime DEFAULT NULL,
  `TrangThai` varchar(50) NOT NULL DEFAULT '',
  PRIMARY KEY (`MaCTHD`),
  KEY `FK_ChiTietHoaDon_Ghe` (`MaGhe`),
  KEY `FK_ChiTietHoaDon_HoaDon` (`MaHD`),
  KEY `FK_ChiTietHoaDon_SuatChieu` (`MaSuatChieu`),
  CONSTRAINT `FK_ChiTietHoaDon_HoaDon` FOREIGN KEY (`MaHD`) REFERENCES `hoadon` (`MaHD`) ON DELETE CASCADE,
  CONSTRAINT `FK_ChiTietHoaDon_SuatChieu` FOREIGN KEY (`MaSuatChieu`) REFERENCES `suatchieu` (`MaSuatChieu`) ON DELETE CASCADE
) ENGINE=InnoDB AUTO_INCREMENT=277 DEFAULT CHARSET=utf8mb3;

INSERT INTO `chitiethoadon` (`MaCTHD`, `MaHD`, `MaSuatChieu`, `MaGhe`, `NguoiTao`, `NgayTao`, `NguoiCapNhat`, `NgayCapNhat`, `TrangThai`) VALUES
	(113, 31, 20, 24, 5, '2024-11-14 12:54:31', 5, '2024-11-14 12:54:31', '1'),
	(114, 31, 20, 25, 5, '2024-11-14 12:54:31', 5, '2024-11-14 12:54:31', '1'),
	(115, 31, 20, 26, 5, '2024-11-14 12:54:31', 5, '2024-11-14 12:54:31', '1'),
	(116, 31, 20, 27, 5, '2024-11-14 12:54:31', 5, '2024-11-14 12:54:31', '1'),
	(117, 31, 20, 28, 5, '2024-11-14 12:54:31', 5, '2024-11-14 12:54:31', '1'),
	(118, 31, 20, 29, 5, '2024-11-14 12:54:31', 5, '2024-11-14 12:54:31', '1'),
	(119, 31, 20, 30, 5, '2024-11-14 12:54:31', 5, '2024-11-14 12:54:31', '1'),
	(120, 31, 20, 31, 5, '2024-11-14 12:54:31', 5, '2024-11-14 12:54:31', '1'),
	(121, 31, 20, 32, 5, '2024-11-14 12:54:31', 5, '2024-11-14 12:54:31', '1'),
	(122, 31, 20, 33, 5, '2024-11-14 12:54:31', 5, '2024-11-14 12:54:31', '1'),
	(123, 32, 20, 37, 5, '2024-11-14 12:55:31', 5, '2024-11-14 12:55:31', '1'),
	(124, 32, 20, 38, 5, '2024-11-14 12:55:31', 5, '2024-11-14 12:55:31', '1'),
	(125, 32, 20, 39, 5, '2024-11-14 12:55:31', 5, '2024-11-14 12:55:31', '1'),
	(126, 32, 20, 40, 5, '2024-11-14 12:55:31', 5, '2024-11-14 12:55:31', '1'),
	(127, 32, 20, 41, 5, '2024-11-14 12:55:31', 5, '2024-11-14 12:55:31', '1'),
	(128, 32, 20, 46, 5, '2024-11-14 12:55:31', 5, '2024-11-14 12:55:31', '1'),
	(129, 32, 20, 47, 5, '2024-11-14 12:55:31', 5, '2024-11-14 12:55:31', '1'),
	(130, 33, 20, 17, 5, '2024-11-14 12:57:49', 5, '2024-11-14 12:57:49', '1'),
	(131, 33, 20, 18, 5, '2024-11-14 12:57:49', 5, '2024-11-14 12:57:49', '1'),
	(132, 33, 20, 19, 5, '2024-11-14 12:57:49', 5, '2024-11-14 12:57:49', '1'),
	(133, 33, 20, 20, 5, '2024-11-14 12:57:49', 5, '2024-11-14 12:57:49', '1'),
	(134, 34, 30, 5, 10, '2024-11-15 10:34:28', 10, '2024-11-15 10:34:28', '1'),
	(135, 34, 30, 15, 10, '2024-11-15 10:34:28', 10, '2024-11-15 10:34:28', '1'),
	(136, 34, 30, 25, 10, '2024-11-15 10:34:28', 10, '2024-11-15 10:34:28', '1'),
	(137, 34, 30, 35, 10, '2024-11-15 10:34:28', 10, '2024-11-15 10:34:28', '1'),
	(138, 34, 30, 44, 10, '2024-11-15 10:34:28', 10, '2024-11-15 10:34:28', '1'),
	(139, 34, 30, 45, 10, '2024-11-15 10:34:29', 10, '2024-11-15 10:34:29', '1'),
	(140, 34, 30, 46, 10, '2024-11-15 10:34:29', 10, '2024-11-15 10:34:29', '1'),
	(141, 34, 30, 47, 10, '2024-11-15 10:34:29', 10, '2024-11-15 10:34:29', '1'),
	(142, 35, 20, 6, 10, '2024-11-15 10:34:53', 10, '2024-11-15 10:34:53', '1'),
	(143, 35, 20, 16, 10, '2024-11-15 10:34:54', 10, '2024-11-15 10:34:54', '1'),
	(144, 36, 34, 104, 10, '2024-11-15 10:38:59', 10, '2024-11-15 10:38:59', '1'),
	(145, 36, 34, 112, 10, '2024-11-15 10:38:59', 10, '2024-11-15 10:38:59', '1'),
	(146, 36, 34, 120, 10, '2024-11-15 10:38:59', 10, '2024-11-15 10:38:59', '1'),
	(147, 36, 34, 128, 10, '2024-11-15 10:38:59', 10, '2024-11-15 10:38:59', '1'),
	(148, 36, 34, 136, 10, '2024-11-15 10:38:59', 10, '2024-11-15 10:38:59', '1'),
	(149, 36, 34, 137, 10, '2024-11-15 10:38:59', 10, '2024-11-15 10:38:59', '1'),
	(150, 36, 34, 146, 10, '2024-11-15 10:38:59', 10, '2024-11-15 10:38:59', '1'),
	(151, 36, 34, 147, 10, '2024-11-15 10:38:59', 10, '2024-11-15 10:38:59', '1'),
	(152, 37, 33, 58, 10, '2024-11-15 10:40:34', 10, '2024-11-15 10:40:34', '1'),
	(153, 37, 33, 59, 10, '2024-11-15 10:40:34', 10, '2024-11-15 10:40:34', '1'),
	(154, 37, 33, 60, 10, '2024-11-15 10:40:34', 10, '2024-11-15 10:40:34', '1'),
	(155, 37, 33, 61, 10, '2024-11-15 10:40:34', 10, '2024-11-15 10:40:34', '1'),
	(156, 37, 33, 62, 10, '2024-11-15 10:40:34', 10, '2024-11-15 10:40:34', '1'),
	(157, 37, 33, 63, 10, '2024-11-15 10:40:35', 10, '2024-11-15 10:40:35', '1'),
	(158, 37, 33, 64, 10, '2024-11-15 10:40:35', 10, '2024-11-15 10:40:35', '1'),
	(159, 37, 33, 65, 10, '2024-11-15 10:40:35', 10, '2024-11-15 10:40:35', '1'),
	(160, 37, 33, 66, 10, '2024-11-15 10:40:35', 10, '2024-11-15 10:40:35', '1'),
	(161, 37, 33, 67, 10, '2024-11-15 10:40:35', 10, '2024-11-15 10:40:35', '1'),
	(162, 37, 33, 68, 10, '2024-11-15 10:40:35', 10, '2024-11-15 10:40:35', '1'),
	(163, 37, 33, 69, 10, '2024-11-15 10:40:35', 10, '2024-11-15 10:40:35', '1'),
	(164, 37, 33, 70, 10, '2024-11-15 10:40:35', 10, '2024-11-15 10:40:35', '1'),
	(165, 37, 33, 71, 10, '2024-11-15 10:40:35', 10, '2024-11-15 10:40:35', '1'),
	(166, 37, 33, 72, 10, '2024-11-15 10:40:35', 10, '2024-11-15 10:40:35', '1'),
	(167, 37, 33, 73, 10, '2024-11-15 10:40:35', 10, '2024-11-15 10:40:35', '1'),
	(168, 37, 33, 74, 10, '2024-11-15 10:40:35', 10, '2024-11-15 10:40:35', '1'),
	(169, 37, 33, 75, 10, '2024-11-15 10:40:36', 10, '2024-11-15 10:40:36', '1'),
	(170, 37, 33, 76, 10, '2024-11-15 10:40:36', 10, '2024-11-15 10:40:36', '1'),
	(171, 37, 33, 77, 10, '2024-11-15 10:40:36', 10, '2024-11-15 10:40:36', '1'),
	(172, 37, 33, 78, 10, '2024-11-15 10:40:36', 10, '2024-11-15 10:40:36', '1'),
	(173, 37, 33, 79, 10, '2024-11-15 10:40:36', 10, '2024-11-15 10:40:36', '1'),
	(174, 37, 33, 80, 10, '2024-11-15 10:40:36', 10, '2024-11-15 10:40:36', '1'),
	(175, 37, 33, 81, 10, '2024-11-15 10:40:36', 10, '2024-11-15 10:40:36', '1'),
	(176, 37, 33, 82, 10, '2024-11-15 10:40:36', 10, '2024-11-15 10:40:36', '1'),
	(177, 37, 33, 83, 10, '2024-11-15 10:40:36', 10, '2024-11-15 10:40:36', '1'),
	(178, 37, 33, 84, 10, '2024-11-15 10:40:36', 10, '2024-11-15 10:40:36', '1'),
	(179, 37, 33, 85, 10, '2024-11-15 10:40:36', 10, '2024-11-15 10:40:36', '1'),
	(180, 37, 33, 86, 10, '2024-11-15 10:40:36', 10, '2024-11-15 10:40:36', '1'),
	(181, 37, 33, 87, 10, '2024-11-15 10:40:36', 10, '2024-11-15 10:40:36', '1'),
	(182, 37, 33, 88, 10, '2024-11-15 10:40:36', 10, '2024-11-15 10:40:36', '1'),
	(183, 37, 33, 89, 10, '2024-11-15 10:40:36', 10, '2024-11-15 10:40:36', '1'),
	(184, 37, 33, 90, 10, '2024-11-15 10:40:36', 10, '2024-11-15 10:40:36', '1'),
	(185, 37, 33, 91, 10, '2024-11-15 10:40:37', 10, '2024-11-15 10:40:37', '1'),
	(186, 37, 33, 92, 10, '2024-11-15 10:40:37', 10, '2024-11-15 10:40:37', '1'),
	(187, 37, 33, 93, 10, '2024-11-15 10:40:37', 10, '2024-11-15 10:40:37', '1'),
	(188, 37, 33, 94, 10, '2024-11-15 10:40:37', 10, '2024-11-15 10:40:37', '1'),
	(189, 37, 33, 95, 10, '2024-11-15 10:40:37', 10, '2024-11-15 10:40:37', '1'),
	(190, 37, 33, 96, 10, '2024-11-15 10:40:37', 10, '2024-11-15 10:40:37', '1'),
	(191, 37, 33, 97, 10, '2024-11-15 10:40:37', 10, '2024-11-15 10:40:37', '1'),
	(192, 37, 33, 98, 10, '2024-11-15 10:40:37', 10, '2024-11-15 10:40:37', '1'),
	(193, 37, 33, 99, 10, '2024-11-15 10:40:37', 10, '2024-11-15 10:40:37', '1'),
	(194, 37, 33, 100, 10, '2024-11-15 10:40:37', 10, '2024-11-15 10:40:37', '1'),
	(195, 37, 33, 101, 10, '2024-11-15 10:40:37', 10, '2024-11-15 10:40:37', '1'),
	(196, 37, 33, 102, 10, '2024-11-15 10:40:37', 10, '2024-11-15 10:40:37', '1'),
	(197, 37, 33, 103, 10, '2024-11-15 10:40:37', 10, '2024-11-15 10:40:37', '1'),
	(198, 38, 34, 123, 10, '2024-11-15 10:41:01', 10, '2024-11-15 10:41:01', '1'),
	(199, 38, 34, 131, 10, '2024-11-15 10:41:01', 10, '2024-11-15 10:41:01', '1'),
	(200, 38, 34, 140, 10, '2024-11-15 10:41:01', 10, '2024-11-15 10:41:01', '1'),
	(201, 38, 34, 141, 10, '2024-11-15 10:41:01', 10, '2024-11-15 10:41:01', '1'),
	(202, 39, 20, 4, 5, '2024-11-15 10:42:12', 5, '2024-11-15 10:42:12', '1'),
	(203, 39, 20, 5, 5, '2024-11-15 10:42:12', 5, '2024-11-15 10:42:12', '1'),
	(204, 39, 20, 7, 5, '2024-11-15 10:42:12', 5, '2024-11-15 10:42:12', '1'),
	(205, 39, 20, 8, 5, '2024-11-15 10:42:12', 5, '2024-11-15 10:42:12', '1'),
	(206, 39, 20, 12, 5, '2024-11-15 10:42:12', 5, '2024-11-15 10:42:12', '1'),
	(207, 39, 20, 14, 5, '2024-11-15 10:42:12', 5, '2024-11-15 10:42:12', '1'),
	(208, 39, 20, 15, 5, '2024-11-15 10:42:12', 5, '2024-11-15 10:42:12', '1'),
	(209, 39, 20, 22, 5, '2024-11-15 10:42:12', 5, '2024-11-15 10:42:12', '1'),
	(210, 39, 20, 44, 5, '2024-11-15 10:42:12', 5, '2024-11-15 10:42:12', '1'),
	(211, 39, 20, 45, 5, '2024-11-15 10:42:13', 5, '2024-11-15 10:42:13', '1'),
	(212, 39, 20, 48, 5, '2024-11-15 10:42:13', 5, '2024-11-15 10:42:13', '1'),
	(213, 39, 20, 49, 5, '2024-11-15 10:42:13', 5, '2024-11-15 10:42:13', '1'),
	(214, 39, 20, 50, 5, '2024-11-15 10:42:13', 5, '2024-11-15 10:42:13', '1'),
	(215, 39, 20, 51, 5, '2024-11-15 10:42:13', 5, '2024-11-15 10:42:13', '1'),
	(216, 39, 20, 52, 5, '2024-11-15 10:42:13', 5, '2024-11-15 10:42:13', '1'),
	(217, 39, 20, 53, 5, '2024-11-15 10:42:13', 5, '2024-11-15 10:42:13', '1'),
	(218, 40, 39, 58, 5, '2024-11-15 10:49:37', 5, '2024-11-15 10:49:37', '1'),
	(219, 40, 39, 59, 5, '2024-11-15 10:49:37', 5, '2024-11-15 10:49:37', '1'),
	(220, 40, 39, 60, 5, '2024-11-15 10:49:37', 5, '2024-11-15 10:49:37', '1'),
	(221, 40, 39, 61, 5, '2024-11-15 10:49:37', 5, '2024-11-15 10:49:37', '1'),
	(222, 40, 39, 62, 5, '2024-11-15 10:49:37', 5, '2024-11-15 10:49:37', '1'),
	(223, 40, 39, 63, 5, '2024-11-15 10:49:37', 5, '2024-11-15 10:49:37', '1'),
	(224, 40, 39, 64, 5, '2024-11-15 10:49:37', 5, '2024-11-15 10:49:37', '1'),
	(225, 40, 39, 65, 5, '2024-11-15 10:49:37', 5, '2024-11-15 10:49:37', '1'),
	(226, 40, 39, 66, 5, '2024-11-15 10:49:37', 5, '2024-11-15 10:49:37', '1'),
	(227, 40, 39, 67, 5, '2024-11-15 10:49:38', 5, '2024-11-15 10:49:38', '1'),
	(228, 40, 39, 68, 5, '2024-11-15 10:49:38', 5, '2024-11-15 10:49:38', '1'),
	(229, 40, 39, 69, 5, '2024-11-15 10:49:38', 5, '2024-11-15 10:49:38', '1'),
	(230, 40, 39, 70, 5, '2024-11-15 10:49:38', 5, '2024-11-15 10:49:38', '1'),
	(231, 40, 39, 71, 5, '2024-11-15 10:49:38', 5, '2024-11-15 10:49:38', '1'),
	(232, 40, 39, 72, 5, '2024-11-15 10:49:38', 5, '2024-11-15 10:49:38', '1'),
	(233, 40, 39, 73, 5, '2024-11-15 10:49:38', 5, '2024-11-15 10:49:38', '1'),
	(234, 41, 39, 94, 11, '2024-11-15 10:50:42', 11, '2024-11-15 10:50:42', '1'),
	(235, 41, 39, 95, 11, '2024-11-15 10:50:42', 11, '2024-11-15 10:50:42', '1'),
	(236, 41, 39, 96, 11, '2024-11-15 10:50:42', 11, '2024-11-15 10:50:42', '1'),
	(237, 41, 39, 97, 11, '2024-11-15 10:50:42', 11, '2024-11-15 10:50:42', '1'),
	(238, 41, 39, 98, 11, '2024-11-15 10:50:42', 11, '2024-11-15 10:50:42', '1'),
	(239, 41, 39, 99, 11, '2024-11-15 10:50:42', 11, '2024-11-15 10:50:42', '1'),
	(240, 41, 39, 100, 11, '2024-11-15 10:50:42', 11, '2024-11-15 10:50:42', '1'),
	(241, 41, 39, 101, 11, '2024-11-15 10:50:42', 11, '2024-11-15 10:50:42', '1'),
	(242, 41, 39, 102, 11, '2024-11-15 10:50:42', 11, '2024-11-15 10:50:42', '1'),
	(243, 41, 39, 103, 11, '2024-11-15 10:50:42', 11, '2024-11-15 10:50:42', '1'),
	(244, 42, 39, 74, 11, '2024-11-15 10:51:04', 11, '2024-11-15 10:51:04', '1'),
	(245, 42, 39, 75, 11, '2024-11-15 10:51:05', 11, '2024-11-15 10:51:05', '1'),
	(246, 42, 39, 76, 11, '2024-11-15 10:51:05', 11, '2024-11-15 10:51:05', '1'),
	(247, 42, 39, 77, 11, '2024-11-15 10:51:05', 11, '2024-11-15 10:51:05', '1'),
	(248, 42, 39, 84, 11, '2024-11-15 10:51:05', 11, '2024-11-15 10:51:05', '1'),
	(249, 42, 39, 85, 11, '2024-11-15 10:51:05', 11, '2024-11-15 10:51:05', '1'),
	(250, 42, 39, 86, 11, '2024-11-15 10:51:05', 11, '2024-11-15 10:51:05', '1'),
	(251, 42, 39, 87, 11, '2024-11-15 10:51:05', 11, '2024-11-15 10:51:05', '1'),
	(252, 43, 32, 121, 13, '2024-11-15 16:28:33', 13, '2024-11-15 16:28:33', '1'),
	(253, 43, 32, 122, 13, '2024-11-15 16:28:33', 13, '2024-11-15 16:28:33', '1'),
	(254, 43, 32, 123, 13, '2024-11-15 16:28:33', 13, '2024-11-15 16:28:33', '1'),
	(255, 43, 32, 130, 13, '2024-11-15 16:28:33', 13, '2024-11-15 16:28:33', '1'),
	(256, 43, 32, 131, 13, '2024-11-15 16:28:33', 13, '2024-11-15 16:28:33', '1'),
	(257, 43, 32, 138, 13, '2024-11-15 16:28:33', 13, '2024-11-15 16:28:33', '1'),
	(258, 43, 32, 139, 13, '2024-11-15 16:28:33', 13, '2024-11-15 16:28:33', '1'),
	(259, 44, 32, 113, 13, '2024-11-15 16:35:55', 13, '2024-11-15 16:35:55', '1'),
	(260, 44, 32, 114, 13, '2024-11-15 16:35:55', 13, '2024-11-15 16:35:55', '1'),
	(261, 44, 32, 115, 13, '2024-11-15 16:35:55', 13, '2024-11-15 16:35:55', '1'),
	(262, 44, 32, 116, 13, '2024-11-15 16:35:55', 13, '2024-11-15 16:35:55', '1'),
	(263, 44, 32, 132, 13, '2024-11-15 16:35:55', 13, '2024-11-15 16:35:55', '1'),
	(264, 44, 32, 140, 13, '2024-11-15 16:35:55', 13, '2024-11-15 16:35:55', '1'),
	(265, 44, 32, 141, 13, '2024-11-15 16:35:55', 13, '2024-11-15 16:35:55', '1'),
	(266, 45, 34, 134, 13, '2024-11-15 16:36:14', 13, '2024-11-15 16:36:14', '1'),
	(267, 45, 34, 135, 13, '2024-11-15 16:36:14', 13, '2024-11-15 16:36:14', '1'),
	(268, 46, 36, 78, 5, '2024-11-16 08:51:51', 5, '2024-11-16 08:51:51', '1'),
	(269, 46, 36, 79, 5, '2024-11-16 08:51:51', 5, '2024-11-16 08:51:51', '1'),
	(270, 53, 37, 130, 16, '2024-11-16 18:11:40', 16, '2024-11-16 18:11:40', '1'),
	(271, 53, 37, 131, 16, '2024-11-16 18:11:40', 16, '2024-11-16 18:11:40', '1'),
	(272, 53, 37, 132, 16, '2024-11-16 18:11:40', 16, '2024-11-16 18:11:40', '1'),
	(273, 53, 37, 140, 16, '2024-11-16 18:11:40', 16, '2024-11-16 18:11:40', '1'),
	(274, 53, 37, 141, 16, '2024-11-16 18:11:40', 16, '2024-11-16 18:11:40', '1'),
	(275, 57, 41, 48, 5, '2024-11-30 23:17:55', 5, '2024-11-30 23:17:55', '1'),
	(276, 57, 41, 49, 5, '2024-11-30 23:17:55', 5, '2024-11-30 23:17:55', '1');


CREATE TABLE IF NOT EXISTS `chude` (
  `Id` int NOT NULL AUTO_INCREMENT,
  `MaPhim` int DEFAULT NULL,
  `TenRutGon` varchar(255) DEFAULT NULL,
  `MoTa` varchar(255) NOT NULL,
  `TuKhoa` varchar(255) NOT NULL,
  `TenChuDe` varchar(255) NOT NULL,
  `NguoiTao` int NOT NULL,
  `NgayTao` datetime NOT NULL,
  `NguoiCapNhat` int DEFAULT NULL,
  `NgayCapNhat` datetime DEFAULT NULL,
  `TrangThai` tinyint(1) DEFAULT NULL,
  PRIMARY KEY (`Id`),
  KEY `FK_ChuDe_Phim` (`MaPhim`),
  CONSTRAINT `fk_chude_phim` FOREIGN KEY (`MaPhim`) REFERENCES `phim` (`MaPhim`) ON DELETE CASCADE
) ENGINE=InnoDB AUTO_INCREMENT=6 DEFAULT CHARSET=utf8mb3;

INSERT INTO `chude` (`Id`, `MaPhim`, `TenRutGon`, `MoTa`, `TuKhoa`, `TenChuDe`, `NguoiTao`, `NgayTao`, `NguoiCapNhat`, `NgayCapNhat`, `TrangThai`) VALUES
	(4, 30, 'phim', 'phim nhu cut', 'Phim', 'Phim', 3, '2024-11-10 09:31:29', 3, '2024-11-10 09:31:29', 1),
	(5, 28, 'blog-dien-anh', 'Blog điện ảnh', 'blog', 'Blog điện ảnh', 3, '2024-11-10 09:32:12', 3, '2024-11-10 09:32:12', 1);

CREATE TABLE IF NOT EXISTS `ghe` (
  `MaGhe` int NOT NULL AUTO_INCREMENT,
  `TenGhe` varchar(3) NOT NULL,
  `MaPhong` int NOT NULL,
  `LoaiGhe` varchar(10) NOT NULL,
  `GiaGhe` int NOT NULL,
  `NguoiTao` int NOT NULL,
  `NgayTao` datetime NOT NULL,
  `NguoiCapNhat` int DEFAULT NULL,
  `NgayCapNhat` datetime DEFAULT NULL,
  `TrangThai` tinyint(1) DEFAULT NULL,
  PRIMARY KEY (`MaGhe`),
  KEY `FK_Ghe_Phong` (`MaPhong`),
  CONSTRAINT `FK_Ghe_Phong` FOREIGN KEY (`MaPhong`) REFERENCES `phong` (`MaPhong`) ON DELETE CASCADE
) ENGINE=InnoDB AUTO_INCREMENT=154 DEFAULT CHARSET=utf8mb3;

INSERT INTO `ghe` (`MaGhe`, `TenGhe`, `MaPhong`, `LoaiGhe`, `GiaGhe`, `NguoiTao`, `NgayTao`, `NguoiCapNhat`, `NgayCapNhat`, `TrangThai`) VALUES
	(4, 'A1', 2, 'Đơn', 79000, 3, '2024-11-10 09:24:27', 3, '2024-11-10 09:24:27', 1),
	(5, 'A2', 2, 'Đơn', 79000, 3, '2024-11-10 09:24:27', 3, '2024-11-10 09:24:27', 1),
	(6, 'A3', 2, 'Đơn', 79000, 3, '2024-11-10 09:24:27', 3, '2024-11-10 09:24:27', 1),
	(7, 'A4', 2, 'Đơn', 79000, 3, '2024-11-10 09:24:27', 3, '2024-11-10 09:24:27', 1),
	(8, 'A5', 2, 'Đơn', 79000, 3, '2024-11-10 09:24:27', 3, '2024-11-10 09:24:27', 1),
	(9, 'A6', 2, 'Đơn', 79000, 3, '2024-11-10 09:24:27', 3, '2024-11-10 09:24:27', 1),
	(10, 'A7', 2, 'Đơn', 79000, 3, '2024-11-10 09:24:27', 3, '2024-11-10 09:24:27', 1),
	(11, 'A8', 2, 'Đơn', 79000, 3, '2024-11-10 09:24:27', 3, '2024-11-10 09:24:27', 1),
	(12, 'A9', 2, 'Đơn', 79000, 3, '2024-11-10 09:24:27', 3, '2024-11-10 09:24:27', 1),
	(13, 'A10', 2, 'Đơn', 79000, 3, '2024-11-10 09:24:27', 3, '2024-11-10 09:24:27', 1),
	(14, 'B1', 2, 'Đơn', 79000, 3, '2024-11-10 09:25:34', 3, '2024-11-10 09:25:34', 1),
	(15, 'B2', 2, 'Đơn', 79000, 3, '2024-11-10 09:25:34', 3, '2024-11-10 09:25:34', 1),
	(16, 'B3', 2, 'Đơn', 79000, 3, '2024-11-10 09:25:34', 3, '2024-11-10 09:25:34', 1),
	(17, 'B4', 2, 'Đơn', 79000, 3, '2024-11-10 09:25:34', 3, '2024-11-10 09:25:34', 1),
	(18, 'B5', 2, 'Đơn', 79000, 3, '2024-11-10 09:25:34', 3, '2024-11-10 09:25:34', 1),
	(19, 'B6', 2, 'Đơn', 79000, 3, '2024-11-10 09:25:34', 3, '2024-11-10 09:25:34', 1),
	(20, 'B7', 2, 'Đơn', 79000, 3, '2024-11-10 09:25:34', 3, '2024-11-10 09:25:34', 1),
	(21, 'B8', 2, 'Đơn', 79000, 3, '2024-11-10 09:25:34', 3, '2024-11-10 09:25:34', 1),
	(22, 'B9', 2, 'Đơn', 79000, 3, '2024-11-10 09:25:34', 3, '2024-11-10 09:25:34', 1),
	(23, 'B10', 2, 'Đơn', 79000, 3, '2024-11-10 09:25:34', 3, '2024-11-10 09:25:34', 1),
	(24, 'C1', 2, 'VIP', 150000, 3, '2024-11-10 09:25:49', 3, '2024-11-10 09:25:49', 1),
	(25, 'C2', 2, 'VIP', 150000, 3, '2024-11-10 09:25:49', 3, '2024-11-10 09:25:49', 1),
	(26, 'C3', 2, 'VIP', 150000, 3, '2024-11-10 09:25:49', 3, '2024-11-10 09:25:49', 1),
	(27, 'C4', 2, 'VIP', 150000, 3, '2024-11-10 09:25:49', 3, '2024-11-10 09:25:49', 1),
	(28, 'C5', 2, 'VIP', 150000, 3, '2024-11-10 09:25:49', 3, '2024-11-10 09:25:49', 1),
	(29, 'C6', 2, 'VIP', 150000, 3, '2024-11-10 09:25:49', 3, '2024-11-10 09:25:49', 1),
	(30, 'C7', 2, 'VIP', 150000, 3, '2024-11-10 09:25:49', 3, '2024-11-10 09:25:49', 1),
	(31, 'C8', 2, 'VIP', 150000, 3, '2024-11-10 09:25:49', 3, '2024-11-10 09:25:49', 1),
	(32, 'C9', 2, 'VIP', 150000, 3, '2024-11-10 09:25:49', 3, '2024-11-10 09:25:49', 1),
	(33, 'C10', 2, 'VIP', 150000, 3, '2024-11-10 09:25:49', 3, '2024-11-10 09:25:49', 1),
	(34, 'D1', 2, 'VIP', 150000, 3, '2024-11-10 09:26:13', 3, '2024-11-10 09:26:13', 1),
	(35, 'D2', 2, 'VIP', 150000, 3, '2024-11-10 09:26:13', 3, '2024-11-10 09:26:13', 1),
	(36, 'D3', 2, 'VIP', 150000, 3, '2024-11-10 09:26:13', 3, '2024-11-10 09:26:13', 1),
	(37, 'D4', 2, 'VIP', 150000, 3, '2024-11-10 09:26:13', 3, '2024-11-10 09:26:13', 1),
	(38, 'D5', 2, 'VIP', 150000, 3, '2024-11-10 09:26:13', 3, '2024-11-10 09:26:13', 1),
	(39, 'D6', 2, 'VIP', 150000, 3, '2024-11-10 09:26:13', 3, '2024-11-10 09:26:13', 1),
	(40, 'D7', 2, 'VIP', 150000, 3, '2024-11-10 09:26:13', 3, '2024-11-10 09:26:13', 1),
	(41, 'D8', 2, 'VIP', 150000, 3, '2024-11-10 09:26:13', 3, '2024-11-10 09:26:13', 1),
	(42, 'D9', 2, 'VIP', 150000, 3, '2024-11-10 09:26:13', 3, '2024-11-10 09:26:13', 1),
	(43, 'D10', 2, 'VIP', 150000, 3, '2024-11-10 09:26:13', 3, '2024-11-10 09:26:13', 1),
	(44, 'E1', 2, 'Đôi', 180000, 3, '2024-11-10 09:26:22', 3, '2024-11-10 09:26:22', 1),
	(45, 'E2', 2, 'Đôi', 180000, 3, '2024-11-10 09:26:22', 3, '2024-11-10 09:26:22', 1),
	(46, 'E3', 2, 'Đôi', 180000, 3, '2024-11-10 09:26:22', 3, '2024-11-10 09:26:22', 1),
	(47, 'E4', 2, 'Đôi', 180000, 3, '2024-11-10 09:26:22', 3, '2024-11-10 09:26:22', 1),
	(48, 'E5', 2, 'Đôi', 180000, 3, '2024-11-10 09:26:22', 3, '2024-11-10 09:26:22', 1),
	(49, 'E6', 2, 'Đôi', 180000, 3, '2024-11-10 09:26:22', 3, '2024-11-10 09:26:22', 1),
	(50, 'E7', 2, 'Đôi', 180000, 3, '2024-11-10 09:26:22', 3, '2024-11-10 09:26:22', 1),
	(51, 'E8', 2, 'Đôi', 180000, 3, '2024-11-10 09:26:22', 3, '2024-11-10 09:26:22', 1),
	(52, 'E9', 2, 'Đôi', 180000, 3, '2024-11-10 09:26:22', 3, '2024-11-10 09:26:22', 1),
	(53, 'E10', 2, 'Đôi', 180000, 3, '2024-11-10 09:26:22', 3, '2024-11-10 09:26:22', 1),
	(58, 'A5', 3, 'Đơn', 79000, 3, '2024-11-10 12:01:55', 3, '2024-11-10 12:01:55', 1),
	(59, 'A6', 3, 'Đơn', 79000, 3, '2024-11-10 12:01:55', 3, '2024-11-10 12:01:55', 1),
	(60, 'A7', 3, 'Đơn', 79000, 3, '2024-11-10 12:01:55', 3, '2024-11-10 12:01:55', 1),
	(61, 'A8', 3, 'Đơn', 79000, 3, '2024-11-10 12:01:55', 3, '2024-11-10 12:01:55', 1),
	(62, 'A9', 3, 'Đơn', 79000, 3, '2024-11-10 12:01:55', 3, '2024-11-10 12:01:55', 1),
	(63, 'A10', 3, 'Đơn', 79000, 3, '2024-11-10 12:01:55', 3, '2024-11-10 12:01:55', 1),
	(64, 'B1', 3, 'Đơn', 79000, 3, '2024-11-10 12:02:15', 3, '2024-11-10 12:02:15', 1),
	(65, 'B2', 3, 'Đơn', 79000, 3, '2024-11-10 12:02:15', 3, '2024-11-10 12:02:15', 1),
	(66, 'B3', 3, 'Đơn', 79000, 3, '2024-11-10 12:02:15', 3, '2024-11-10 12:02:15', 1),
	(67, 'B4', 3, 'Đơn', 79000, 3, '2024-11-10 12:02:15', 3, '2024-11-10 12:02:15', 1),
	(68, 'B5', 3, 'Đơn', 79000, 3, '2024-11-10 12:02:15', 3, '2024-11-10 12:02:15', 1),
	(69, 'B6', 3, 'Đơn', 79000, 3, '2024-11-10 12:02:15', 3, '2024-11-10 12:02:15', 1),
	(70, 'B7', 3, 'Đơn', 79000, 3, '2024-11-10 12:02:15', 3, '2024-11-10 12:02:15', 1),
	(71, 'B8', 3, 'Đơn', 79000, 3, '2024-11-10 12:02:15', 3, '2024-11-10 12:02:15', 1),
	(72, 'B9', 3, 'Đơn', 79000, 3, '2024-11-10 12:02:15', 3, '2024-11-10 12:02:15', 1),
	(73, 'B10', 3, 'Đơn', 79000, 3, '2024-11-10 12:02:15', 3, '2024-11-10 12:02:15', 1),
	(74, 'C1', 3, 'VIP', 150000, 3, '2024-11-10 12:02:23', 3, '2024-11-10 12:02:23', 1),
	(75, 'C2', 3, 'VIP', 150000, 3, '2024-11-10 12:02:23', 3, '2024-11-10 12:02:23', 1),
	(76, 'C3', 3, 'VIP', 150000, 3, '2024-11-10 12:02:23', 3, '2024-11-10 12:02:23', 1),
	(77, 'C4', 3, 'VIP', 150000, 3, '2024-11-10 12:02:23', 3, '2024-11-10 12:02:23', 1),
	(78, 'C5', 3, 'VIP', 150000, 3, '2024-11-10 12:02:23', 3, '2024-11-10 12:02:23', 1),
	(79, 'C6', 3, 'VIP', 150000, 3, '2024-11-10 12:02:23', 3, '2024-11-10 12:02:23', 1),
	(80, 'C7', 3, 'VIP', 150000, 3, '2024-11-10 12:02:23', 3, '2024-11-10 12:02:23', 1),
	(81, 'C8', 3, 'VIP', 150000, 3, '2024-11-10 12:02:23', 3, '2024-11-10 12:02:23', 1),
	(82, 'C9', 3, 'VIP', 150000, 3, '2024-11-10 12:02:23', 3, '2024-11-10 12:02:23', 1),
	(83, 'C10', 3, 'VIP', 150000, 3, '2024-11-10 12:02:23', 3, '2024-11-10 12:02:23', 1),
	(84, 'D1', 3, 'VIP', 150000, 3, '2024-11-10 12:02:30', 3, '2024-11-10 12:02:30', 1),
	(85, 'D2', 3, 'VIP', 150000, 3, '2024-11-10 12:02:30', 3, '2024-11-10 12:02:30', 1),
	(86, 'D3', 3, 'VIP', 150000, 3, '2024-11-10 12:02:30', 3, '2024-11-10 12:02:30', 1),
	(87, 'D4', 3, 'VIP', 150000, 3, '2024-11-10 12:02:30', 3, '2024-11-10 12:02:30', 1),
	(88, 'D5', 3, 'VIP', 150000, 3, '2024-11-10 12:02:30', 3, '2024-11-10 12:02:30', 1),
	(89, 'D6', 3, 'VIP', 150000, 3, '2024-11-10 12:02:30', 3, '2024-11-10 12:02:30', 1),
	(90, 'D7', 3, 'VIP', 150000, 3, '2024-11-10 12:02:30', 3, '2024-11-10 12:02:30', 1),
	(91, 'D8', 3, 'VIP', 150000, 3, '2024-11-10 12:02:30', 3, '2024-11-10 12:02:30', 1),
	(92, 'D9', 3, 'VIP', 150000, 3, '2024-11-10 12:02:30', 3, '2024-11-10 12:02:30', 1),
	(93, 'D10', 3, 'VIP', 150000, 3, '2024-11-10 12:02:30', 3, '2024-11-10 12:02:30', 1),
	(94, 'E1', 3, 'Đôi', 180000, 3, '2024-11-10 12:02:39', 3, '2024-11-10 12:02:39', 1),
	(95, 'E2', 3, 'Đôi', 180000, 3, '2024-11-10 12:02:39', 3, '2024-11-10 12:02:39', 1),
	(96, 'E3', 3, 'Đôi', 180000, 3, '2024-11-10 12:02:39', 3, '2024-11-10 12:02:39', 1),
	(97, 'E4', 3, 'Đôi', 180000, 3, '2024-11-10 12:02:39', 3, '2024-11-10 12:02:39', 1),
	(98, 'E5', 3, 'Đôi', 180000, 3, '2024-11-10 12:02:39', 3, '2024-11-10 12:02:39', 1),
	(99, 'E6', 3, 'Đôi', 180000, 3, '2024-11-10 12:02:39', 3, '2024-11-10 12:02:39', 1),
	(100, 'E7', 3, 'Đôi', 180000, 3, '2024-11-10 12:02:39', 3, '2024-11-10 12:02:39', 1),
	(101, 'E8', 3, 'Đôi', 180000, 3, '2024-11-10 12:02:39', 3, '2024-11-10 12:02:39', 1),
	(102, 'E9', 3, 'Đôi', 180000, 3, '2024-11-10 12:02:39', 3, '2024-11-10 12:02:39', 1),
	(103, 'E10', 3, 'Đôi', 180000, 3, '2024-11-10 12:02:39', 3, '2024-11-10 12:02:39', 1),
	(104, 'A1', 4, 'Đơn', 79000, 3, '2024-11-15 10:36:35', 3, '2024-11-15 10:36:35', 1),
	(105, 'A2', 4, 'Đơn', 79000, 3, '2024-11-15 10:36:35', 3, '2024-11-15 10:36:35', 1),
	(106, 'A3', 4, 'Đơn', 79000, 3, '2024-11-15 10:36:35', 3, '2024-11-15 10:36:35', 1),
	(107, 'A4', 4, 'Đơn', 79000, 3, '2024-11-15 10:36:35', 3, '2024-11-15 10:36:35', 1),
	(108, 'A5', 4, 'Đơn', 79000, 3, '2024-11-15 10:36:36', 3, '2024-11-15 10:36:36', 1),
	(109, 'A6', 4, 'Đơn', 79000, 3, '2024-11-15 10:36:36', 3, '2024-11-15 10:36:36', 1),
	(110, 'B1', 4, 'Đơn', 79000, 3, '2024-11-15 10:36:59', 3, '2024-11-15 10:36:59', 1),
	(111, 'B2', 4, 'Đơn', 79000, 3, '2024-11-15 10:36:59', 3, '2024-11-15 10:36:59', 1),
	(112, 'B3', 4, 'Đơn', 79000, 3, '2024-11-15 10:36:59', 3, '2024-11-15 10:36:59', 1),
	(113, 'B4', 4, 'Đơn', 79000, 3, '2024-11-15 10:36:59', 3, '2024-11-15 10:36:59', 1),
	(114, 'B5', 4, 'Đơn', 79000, 3, '2024-11-15 10:36:59', 3, '2024-11-15 10:36:59', 1),
	(115, 'B6', 4, 'Đơn', 79000, 3, '2024-11-15 10:36:59', 3, '2024-11-15 10:36:59', 1),
	(116, 'B7', 4, 'Đơn', 79000, 3, '2024-11-15 10:36:59', 3, '2024-11-15 10:36:59', 1),
	(117, 'B8', 4, 'Đơn', 79000, 3, '2024-11-15 10:36:59', 3, '2024-11-15 10:36:59', 1),
	(118, 'B9', 4, 'Đơn', 79000, 3, '2024-11-15 10:37:00', 3, '2024-11-15 10:37:00', 1),
	(119, 'B10', 4, 'Đơn', 79000, 3, '2024-11-15 10:37:00', 3, '2024-11-15 10:37:00', 1),
	(120, 'C1', 4, 'VIP', 150000, 3, '2024-11-15 10:37:23', 3, '2024-11-15 10:37:23', 1),
	(121, 'C2', 4, 'VIP', 150000, 3, '2024-11-15 10:37:23', 3, '2024-11-15 10:37:23', 1),
	(122, 'C3', 4, 'VIP', 150000, 3, '2024-11-15 10:37:23', 3, '2024-11-15 10:37:23', 1),
	(123, 'C4', 4, 'VIP', 150000, 3, '2024-11-15 10:37:23', 3, '2024-11-15 10:37:23', 1),
	(124, 'C5', 4, 'VIP', 150000, 3, '2024-11-15 10:37:23', 3, '2024-11-15 10:37:23', 1),
	(125, 'C6', 4, 'VIP', 150000, 3, '2024-11-15 10:37:23', 3, '2024-11-15 10:37:23', 1),
	(126, 'D1', 4, 'VIP', 150000, 3, '2024-11-15 10:38:02', 3, '2024-11-15 10:38:02', 1),
	(127, 'D2', 4, 'VIP', 150000, 3, '2024-11-15 10:38:02', 3, '2024-11-15 10:38:02', 1),
	(128, 'D3', 4, 'VIP', 150000, 3, '2024-11-15 10:38:03', 3, '2024-11-15 10:38:03', 1),
	(129, 'D4', 4, 'VIP', 150000, 3, '2024-11-15 10:38:03', 3, '2024-11-15 10:38:03', 1),
	(130, 'D5', 4, 'VIP', 150000, 3, '2024-11-15 10:38:03', 3, '2024-11-15 10:38:03', 1),
	(131, 'D6', 4, 'VIP', 150000, 3, '2024-11-15 10:38:03', 3, '2024-11-15 10:38:03', 1),
	(132, 'D7', 4, 'VIP', 150000, 3, '2024-11-15 10:38:03', 3, '2024-11-15 10:38:03', 1),
	(133, 'D8', 4, 'VIP', 150000, 3, '2024-11-15 10:38:03', 3, '2024-11-15 10:38:03', 1),
	(134, 'D9', 4, 'VIP', 150000, 3, '2024-11-15 10:38:03', 3, '2024-11-15 10:38:03', 1),
	(135, 'D10', 4, 'VIP', 150000, 3, '2024-11-15 10:38:03', 3, '2024-11-15 10:38:03', 1),
	(136, 'E1', 4, 'Đôi', 180000, 3, '2024-11-15 10:38:21', 3, '2024-11-15 10:38:21', 1),
	(137, 'E2', 4, 'Đôi', 180000, 3, '2024-11-15 10:38:21', 3, '2024-11-15 10:38:21', 1),
	(138, 'E3', 4, 'Đôi', 180000, 3, '2024-11-15 10:38:21', 3, '2024-11-15 10:38:21', 1),
	(139, 'E4', 4, 'Đôi', 180000, 3, '2024-11-15 10:38:21', 3, '2024-11-15 10:38:21', 1),
	(140, 'E5', 4, 'Đôi', 180000, 3, '2024-11-15 10:38:21', 3, '2024-11-15 10:38:21', 1),
	(141, 'E6', 4, 'Đôi', 180000, 3, '2024-11-15 10:38:22', 3, '2024-11-15 10:38:22', 1),
	(142, 'E7', 4, 'Đôi', 180000, 3, '2024-11-15 10:38:22', 3, '2024-11-15 10:38:22', 1),
	(143, 'E8', 4, 'Đôi', 180000, 3, '2024-11-15 10:38:22', 3, '2024-11-15 10:38:22', 1),
	(144, 'F1', 4, 'Đôi', 180000, 3, '2024-11-15 10:38:45', 3, '2024-11-15 10:38:45', 1),
	(145, 'F2', 4, 'Đôi', 180000, 3, '2024-11-15 10:38:45', 3, '2024-11-15 10:38:45', 1),
	(146, 'F3', 4, 'Đôi', 180000, 3, '2024-11-15 10:38:45', 3, '2024-11-15 10:38:45', 1),
	(147, 'F4', 4, 'Đôi', 180000, 3, '2024-11-15 10:38:45', 3, '2024-11-15 10:38:45', 1),
	(148, 'F5', 4, 'Đôi', 180000, 3, '2024-11-15 10:38:46', 3, '2024-11-15 10:38:46', 1),
	(149, 'F6', 4, 'Đôi', 180000, 3, '2024-11-15 10:38:46', 3, '2024-11-15 10:38:46', 1),
	(150, 'F7', 4, 'Đôi', 180000, 3, '2024-11-15 10:38:46', 3, '2024-11-15 10:38:46', 1),
	(151, 'F8', 4, 'Đôi', 180000, 3, '2024-11-15 10:38:46', 3, '2024-11-15 10:38:46', 1),
	(152, 'F9', 4, 'Đôi', 180000, 3, '2024-11-15 10:38:46', 3, '2024-11-15 10:38:46', 1),
	(153, 'F10', 4, 'Đôi', 180000, 3, '2024-11-15 10:38:46', 3, '2024-11-15 10:38:46', 1);

INSERT INTO `ghe` (`TenGhe`, `MaPhong`, `LoaiGhe`, `GiaGhe`, `NguoiTao`, `NgayTao`, `NguoiCapNhat`, `NgayCapNhat`, `TrangThai`) VALUES
('A1', 6, 'Đơn', 79000, 3, NOW(), 3, NOW(), 1),
('A2', 6, 'Đơn', 79000, 3, NOW(), 3, NOW(), 1),
('A3', 6, 'Đơn', 79000, 3, NOW(), 3, NOW(), 1),
('A4', 6, 'Đơn', 79000, 3, NOW(), 3, NOW(), 1),
('A5', 6, 'Đơn', 79000, 3, NOW(), 3, NOW(), 1),
('A6', 6, 'Đơn', 79000, 3, NOW(), 3, NOW(), 1),
('A7', 6, 'Đơn', 79000, 3, NOW(), 3, NOW(), 1),
('A8', 6, 'Đơn', 79000, 3, NOW(), 3, NOW(), 1),
('A9', 6, 'Đơn', 79000, 3, NOW(), 3, NOW(), 1),
('A10', 6, 'Đơn', 79000, 3, NOW(), 3, NOW(), 1),

('B1', 6, 'Đơn', 79000, 3, NOW(), 3, NOW(), 1),
('B2', 6, 'Đơn', 79000, 3, NOW(), 3, NOW(), 1),
('B3', 6, 'Đơn', 79000, 3, NOW(), 3, NOW(), 1),
('B4', 6, 'Đơn', 79000, 3, NOW(), 3, NOW(), 1),
('B5', 6, 'Đơn', 79000, 3, NOW(), 3, NOW(), 1),
('B6', 6, 'Đơn', 79000, 3, NOW(), 3, NOW(), 1),
('B7', 6, 'Đơn', 79000, 3, NOW(), 3, NOW(), 1),
('B8', 6, 'Đơn', 79000, 3, NOW(), 3, NOW(), 1),
('B9', 6, 'Đơn', 79000, 3, NOW(), 3, NOW(), 1),
('B10', 6, 'Đơn', 79000, 3, NOW(), 3, NOW(), 1),

('C1', 6, 'VIP', 150000, 3, NOW(), 3, NOW(), 1),
('C2', 6, 'VIP', 150000, 3, NOW(), 3, NOW(), 1),
('C3', 6, 'VIP', 150000, 3, NOW(), 3, NOW(), 1),
('C4', 6, 'VIP', 150000, 3, NOW(), 3, NOW(), 1),
('C5', 6, 'VIP', 150000, 3, NOW(), 3, NOW(), 1),
('C6', 6, 'VIP', 150000, 3, NOW(), 3, NOW(), 1),
('C7', 6, 'VIP', 150000, 3, NOW(), 3, NOW(), 1),
('C8', 6, 'VIP', 150000, 3, NOW(), 3, NOW(), 1),
('C9', 6, 'VIP', 150000, 3, NOW(), 3, NOW(), 1),
('C10', 6, 'VIP', 150000, 3, NOW(), 3, NOW(), 1),

('D1', 6, 'VIP', 150000, 3, NOW(), 3, NOW(), 1),
('D2', 6, 'VIP', 150000, 3, NOW(), 3, NOW(), 1),
('D3', 6, 'VIP', 150000, 3, NOW(), 3, NOW(), 1),
('D4', 6, 'VIP', 150000, 3, NOW(), 3, NOW(), 1),
('D5', 6, 'VIP', 150000, 3, NOW(), 3, NOW(), 1),
('D6', 6, 'VIP', 150000, 3, NOW(), 3, NOW(), 1),
('D7', 6, 'VIP', 150000, 3, NOW(), 3, NOW(), 1),
('D8', 6, 'VIP', 150000, 3, NOW(), 3, NOW(), 1),
('D9', 6, 'VIP', 150000, 3, NOW(), 3, NOW(), 1),
('D10', 6, 'VIP', 150000, 3, NOW(), 3, NOW(), 1),

('E1', 6, 'Đôi', 180000, 3, NOW(), 3, NOW(), 1),
('E2', 6, 'Đôi', 180000, 3, NOW(), 3, NOW(), 1),
('E3', 6, 'Đôi', 180000, 3, NOW(), 3, NOW(), 1),
('E4', 6, 'Đôi', 180000, 3, NOW(), 3, NOW(), 1),
('E5', 6, 'Đôi', 180000, 3, NOW(), 3, NOW(), 1),
('E6', 6, 'Đôi', 180000, 3, NOW(), 3, NOW(), 1),
('E7', 6, 'Đôi', 180000, 3, NOW(), 3, NOW(), 1),
('E8', 6, 'Đôi', 180000, 3, NOW(), 3, NOW(), 1),
('E9', 6, 'Đôi', 180000, 3, NOW(), 3, NOW(), 1),
('E10', 6, 'Đôi', 180000, 3, NOW(), 3, NOW(), 1);

CREATE TABLE IF NOT EXISTS `hoadon` (
  `MaHD` int NOT NULL AUTO_INCREMENT,
  `MaND` int NOT NULL,
  `NgayLapHD` datetime NOT NULL,
  `TongTien` int DEFAULT NULL,
  `NguoiTao` int NOT NULL,
  `NgayTao` datetime NOT NULL,
  `NguoiCapNhat` int DEFAULT NULL,
  `NgayCapNhat` datetime DEFAULT NULL,
  `TrangThai` tinyint(1) DEFAULT NULL,
  PRIMARY KEY (`MaHD`),
  KEY `FK_HoaDon_NguoiDung` (`MaND`),
  CONSTRAINT `FK_HoaDon_NguoiDung` FOREIGN KEY (`MaND`) REFERENCES `nguoidung` (`MaND`) ON DELETE CASCADE
) ENGINE=InnoDB AUTO_INCREMENT=58 DEFAULT CHARSET=utf8mb3;

INSERT INTO `hoadon` (`MaHD`, `MaND`, `NgayLapHD`, `TongTien`, `NguoiTao`, `NgayTao`, `NguoiCapNhat`, `NgayCapNhat`, `TrangThai`) VALUES
	(31, 5, '2023-11-22 12:54:31', 1500000, 5, '2024-11-14 12:54:31', 5, '2024-11-14 12:54:31', 1),
	(32, 5, '2023-11-15 12:55:31', 1110000, 5, '2024-11-14 12:55:31', 5, '2024-11-14 12:55:31', 1),
	(33, 5, '2024-10-24 12:57:49', 316000, 5, '2024-11-14 12:57:49', 5, '2024-11-14 12:57:49', 1),
	(34, 10, '2023-11-15 10:34:28', 1178000, 10, '2024-11-15 10:34:28', 10, '2024-11-15 10:34:28', 1),
	(35, 10, '2024-11-15 10:34:53', 158000, 10, '2024-11-15 10:34:53', 10, '2024-11-15 10:34:53', 1),
	(36, 10, '2024-11-15 10:38:59', 1178000, 10, '2024-11-15 10:38:59', 10, '2024-11-15 10:38:59', 1),
	(37, 10, '2023-11-08 10:40:34', 5882080, 10, '2024-11-15 10:40:34', 10, '2024-11-15 10:40:34', 1),
	(38, 10, '2024-11-15 10:41:01', 627000, 10, '2024-11-15 10:41:01', 10, '2024-11-15 10:41:01', 1),
	(39, 5, '2024-11-15 10:42:12', 2009840, 5, '2024-11-15 10:42:12', 5, '2024-11-15 10:42:12', 1),
	(40, 5, '2024-11-15 10:49:37', 1200800, 5, '2024-11-15 10:49:37', 5, '2024-11-15 10:49:37', 1),
	(41, 11, '2023-11-23 10:50:41', 1800000, 11, '2024-11-15 10:50:41', 11, '2024-11-15 10:50:41', 1),
	(42, 11, '2024-11-15 10:51:04', 1200000, 11, '2024-11-15 10:51:04', 11, '2024-11-15 10:51:04', 1),
	(43, 13, '2024-11-15 16:28:33', 1110000, 13, '2024-11-15 16:28:33', 13, '2024-11-15 16:28:33', 1),
	(44, 13, '2024-11-15 16:35:55', 826000, 13, '2024-11-15 16:35:55', 13, '2024-11-15 16:35:55', 1),
	(45, 13, '2024-11-15 16:36:14', 300000, 13, '2024-11-15 16:36:14', 13, '2024-11-15 16:36:14', 1),
	(46, 5, '2024-11-16 08:51:51', 285000, 5, '2024-11-16 08:51:51', 5, '2024-11-16 08:51:51', 1),
	(47, 13, '2024-01-17 09:36:34', 1500000, 1, '2024-11-16 03:36:34', NULL, NULL, 1),
	(49, 5, '2024-03-15 09:38:27', 2800000, 1, '2024-03-15 09:38:27', NULL, NULL, 1),
	(50, 8, '2024-04-18 09:39:46', 1200000, 1, '2024-11-16 03:39:46', NULL, NULL, 1),
	(51, 5, '2024-05-29 09:40:12', 7200000, 1, '2024-11-16 03:40:12', NULL, NULL, 1),
	(52, 12, '2024-05-23 09:40:55', 4000000, 1, '2024-11-16 03:40:54', NULL, NULL, 1),
	(53, 16, '2024-11-16 18:11:40', 810000, 16, '2024-11-16 18:11:40', 16, '2024-11-16 18:11:40', 1),
	(54, 5, '2024-11-30 23:16:23', 342000, 5, '2024-11-30 23:16:23', 5, '2024-11-30 23:16:23', 1),
	(55, 5, '2024-11-30 23:16:36', 142500, 5, '2024-11-30 23:16:36', 5, '2024-11-30 23:16:36', 1),
	(56, 5, '2024-11-30 23:16:53', 342000, 5, '2024-11-30 23:16:53', 5, '2024-11-30 23:16:53', 1),
	(57, 5, '2024-11-30 23:17:55', 342000, 5, '2024-11-30 23:17:55', 5, '2024-11-30 23:17:55', 1);

CREATE TABLE IF NOT EXISTS `menu` (
  `Id` int NOT NULL AUTO_INCREMENT,
  `TenMenu` varchar(255) NOT NULL,
  `TableId` int DEFAULT NULL,
  `KieuMenu` varchar(255) DEFAULT NULL,
  `ViTri` varchar(255) DEFAULT NULL,
  `LienKet` varchar(255) DEFAULT NULL,
  `Order` int DEFAULT NULL,
  `NguoiTao` int NOT NULL,
  `NgayTao` datetime NOT NULL,
  `NguoiCapNhat` int DEFAULT NULL,
  `NgayCapNhat` datetime DEFAULT NULL,
  `TrangThai` tinyint(1) NOT NULL,
  PRIMARY KEY (`Id`)
) ENGINE=InnoDB AUTO_INCREMENT=15 DEFAULT CHARSET=utf8mb3;

INSERT INTO `menu` (`Id`, `TenMenu`, `TableId`, `KieuMenu`, `ViTri`, `LienKet`, `Order`, `NguoiTao`, `NgayTao`, `NguoiCapNhat`, `NgayCapNhat`, `TrangThai`) VALUES
	(10, 'Phim', NULL, 'Custom', 'header', '', 2, 1, '2024-11-06 11:51:31', 1, '2024-11-06 11:51:32', 1),
	(11, 'Góc điện ảnh', NULL, 'Custom', 'header', 'views/list-content-all.php', 3, 1, '2024-11-10 08:55:58', 1, '2024-11-10 08:56:03', 1),
	(12, 'Liên hệ', NULL, 'Custom', 'header', 'contact.php', 4, 1, '2024-11-10 08:56:19', 1, '2024-11-10 08:56:20', 1),
	(13, 'Trang chủ', NULL, 'Custom', 'header', 'index.php', 1, 1, '2024-11-10 09:06:18', 1, '2024-11-10 09:06:19', 1);


CREATE TABLE IF NOT EXISTS `nguoidung` (
  `MaND` int NOT NULL,
  `TenND` varchar(255) NOT NULL,
  `NgaySinh` date DEFAULT NULL,
  `GioiTinh` tinyint(1) DEFAULT NULL,
  `SDT` varchar(10) DEFAULT NULL,
  `Anh` varchar(255) DEFAULT NULL,
  `Email` varchar(255) DEFAULT NULL,
  `NguoiTao` int NOT NULL,
  `NgayTao` datetime NOT NULL,
  `NguoiCapNhat` int DEFAULT NULL,
  `NgayCapNhat` datetime DEFAULT NULL,
  `TrangThai` tinyint(1) NOT NULL,
  PRIMARY KEY (`MaND`),
  CONSTRAINT `fk_maND` FOREIGN KEY (`MaND`) REFERENCES `taikhoan` (`MaND`) ON DELETE CASCADE ON UPDATE CASCADE
) ENGINE=InnoDB DEFAULT CHARSET=utf8mb3;

INSERT INTO `nguoidung` (`MaND`, `TenND`, `NgaySinh`, `GioiTinh`, `SDT`, `Anh`, `Email`, `NguoiTao`, `NgayTao`, `NguoiCapNhat`, `NgayCapNhat`, `TrangThai`) VALUES
	(3, 'Admin', '2003-08-03', 1, '0359288955', NULL, 'admin@gmail.com', 1, '2024-11-10 08:46:21', 3, '2024-11-13 12:09:14', 1),
	(5, 'Đặng Phạm Đăng Khoa', '2003-11-04', 1, '089****312', NULL, 'cccc@gmail.com', 0, '2024-11-10 09:52:56', 5, '2024-11-13 23:39:54', 1),
	(8, 'Tống Xuân Hoàng', '2004-01-13', 1, '089****312', NULL, '', 0, '2024-11-13 14:23:47', 8, '2024-11-13 21:10:44', 1),
	(10, 'Trần Phúc Nguyên', '2004-03-24', 1, NULL, NULL, NULL, 0, '2024-11-14 13:51:42', 0, '2024-11-14 13:51:42', 1),
	(11, 'Đặng Phạm Đăng Khoa2', NULL, NULL, 0, NULL, NULL, 0, '2024-11-14 13:53:33', 0, '2024-11-14 13:53:33', 1);
	

CREATE TABLE IF NOT EXISTS `phim` (
  `MaPhim` int NOT NULL AUTO_INCREMENT,
  `TenPhim` varchar(255) NOT NULL,
  `TenRutGon` varchar(255) DEFAULT NULL,
  `ThoiLuong` int NOT NULL,
  `Anh` varchar(255) DEFAULT NULL,
  `Banner` varchar(255) DEFAULT NULL,
  `DaoDien` varchar(255) NOT NULL,
  `DienVien` varchar(255) NOT NULL,
  `QuocGia` varchar(255) NOT NULL,
  `NamPhatHanh` int NOT NULL,
  `PhanLoai` text NOT NULL,
  `MoTa` text NOT NULL,
  `NguoiTao` int NOT NULL,
  `NgayTao` datetime NOT NULL,
  `NguoiCapNhat` int DEFAULT NULL,
  `NgayCapNhat` datetime DEFAULT NULL,
  `TrangThai` tinyint(1) NOT NULL,
  PRIMARY KEY (`MaPhim`)
) ENGINE=InnoDB AUTO_INCREMENT=41 DEFAULT CHARSET=utf8mb3;

INSERT INTO `phim` (
  `TenPhim`, `TenRutGon`, `ThoiLuong`, `Anh`, `Banner`,
  `DaoDien`, `DienVien`, `QuocGia`, `NamPhatHanh`,
  `PhanLoai`, `MoTa`, `NguoiTao`, `NgayTao`,
  `NguoiCapNhat`, `NgayCapNhat`, `TrangThai`
) VALUES
('The Conjuring', 'The Conjuring', 112, 'https://image.tmdb.org/t/p/w500/wVYREutTvI2tmxr6ujrHT704wGF.jpg', NULL, 'James Wan', 'Vera Farmiga, Patrick Wilson', 'USA', 2013, 'Horror, Thriller', 'Hai nhà điều tra tâm linh giúp một gia đình bị ám bởi thế lực ma quỷ.', 1, NOW(), NULL, NULL, 1),
('Annabelle', 'Annabelle', 99, 'https://images.moviesanywhere.com/9bb79302cc5390cf15c9b61bace4cc6d/6cfdbb63-d7f9-4625-b000-4648e905ed38.jpg', NULL, 'John R. Leonetti', 'Annabelle Wallis, Ward Horton', 'USA', 2014, 'Horror, Mystery', 'Một con búp bê cổ bị ám trở thành nguồn gốc của cơn ác mộng khủng khiếp.', 1, NOW(), NULL, NULL, 1),
('Insidious', 'Insidious', 103, 'https://image.tmdb.org/t/p/original/t2S1Aoh3itdYYH5hyN12lQoRB98.jpg', NULL, 'James Wan', 'Patrick Wilson, Rose Byrne', 'USA', 2010, 'Horror, Mystery, Thriller', 'Một gia đình đối mặt với thế giới tâm linh đáng sợ khi con trai rơi vào hôn mê.', 1, NOW(), NULL, NULL, 1),
('A Quiet Place', 'A Quiet Place', 90, 'https://image.tmdb.org/t/p/w500/nAU74GmpUk7t5iklEp3bufwDq4n.jpg', NULL, 'John Krasinski', 'Emily Blunt, Millicent Simmonds', 'USA', 2018, 'Horror, Sci-fi, Thriller', 'Gia đình phải sống trong im lặng để tránh quái vật săn theo âm thanh.', 1, NOW(), NULL, NULL, 1),
('It', 'It', 135, 'https://image.tmdb.org/t/p/w500/9E2y5Q7WlCVNEhP5GiVTjhEhx1o.jpg', NULL, 'Andy Muschietti', 'Bill Skarsgård, Finn Wolfhard', 'USA', 2017, 'Horror, Thriller', 'Một nhóm trẻ em đối đầu sinh vật ma quái dưới hình dạng chú hề Pennywise.', 1, NOW(), NULL, NULL, 1),
('Hereditary', 'Hereditary', 127, 'https://image.tmdb.org/t/p/w500/lHV8HHlhwNup2VbpiACtlKzaGIQ.jpg', NULL, 'Ari Aster', 'Toni Collette, Alex Wolff', 'USA', 2018, 'Horror, Mystery, Drama', 'Một gia đình dần phát hiện bí mật rùng rợn sau cái chết của người bà.', 1, NOW(), NULL, NULL, 1),
('Get Out', 'Get Out', 104, 'https://image.tmdb.org/t/p/w500/tFXcEccSQMf3lfhfXKSU9iRBpa3.jpg', NULL, 'Jordan Peele', 'Daniel Kaluuya, Allison Williams', 'USA', 2017, 'Horror, Thriller, Mystery', 'Chàng trai da màu đến thăm gia đình bạn gái da trắng và phát hiện âm mưu kinh hoàng.', 1, NOW(), NULL, NULL, 1),

('Paddington', 'Paddington', 95, 'https://xl.movieposterdb.com/15_01/2014/1109624/xl_1109624_85ab905a.jpg', NULL, 'Paul King', 'Ben Whishaw, Hugh Bonneville', 'UK', 2014, 'Family movie, Comedy, Adventure', 'Chú gấu đến từ Peru tìm thấy gia đình mới ở London.', 1, NOW(), NULL, NULL, 1),
('The Lion King', 'The Lion King', 118, 'https://image.tmdb.org/t/p/w500/2bXbqYdUdNVa8VIWXVfclP2ICtT.jpg', NULL, 'Jon Favreau', 'Donald Glover, Beyoncé', 'USA', 2019, 'Family movie, Musical, Drama', 'Chú sư tử Simba phải học cách trở thành vua đích thực của Pride Rock.', 1, NOW(), NULL, NULL, 1),
('Encanto', 'Encanto', 99, 'https://image.tmdb.org/t/p/w500/4j0PNHkMr5ax3IA8tjtxcmPU3QT.jpg', NULL, 'Byron Howard', 'Stephanie Beatriz, John Leguizamo', 'USA', 2021, 'Family movie, Cartoon, Musical', 'Gia đình Madrigal sống trong ngôi nhà phép thuật giữa Colombia.', 1, NOW(), NULL, NULL, 1),
('The Mitchells vs The Machines', 'The Mitchells vs The Machines', 113, 'https://image.tmdb.org/t/p/w500/mI2Di7HmskQQ34kz0iau6J1vr70.jpg', NULL, 'Michael Rianda', 'Abbi Jacobson, Danny McBride', 'USA', 2021, 'Family movie, Cartoon, Sci-fi', 'Một gia đình kỳ quặc là hy vọng cuối cùng của nhân loại trước cuộc nổi loạn robot.', 1, NOW(), NULL, NULL, 1),
('Home Alone', 'Home Alone', 103, 'https://image.tmdb.org/t/p/w500/9wSbe4CwObACCQvaUVhWQyLR5Vz.jpg', NULL, 'Chris Columbus', 'Macaulay Culkin, Joe Pesci', 'USA', 1990, 'Family movie, Comedy', 'Cậu bé Kevin vô tình bị bỏ lại nhà khi cả gia đình đi nghỉ lễ.', 1, NOW(), NULL, NULL, 1),
('The Secret Life of Pets', 'The Secret Life of Pets', 87, 'https://image.tmdb.org/t/p/original/pLK3FxB3Ns8MFrY5dkH6abuhb0B.jpg', NULL, 'Chris Renaud', 'Louis C.K., Eric Stonestreet', 'USA', 2016, 'Family movie, Cartoon, Comedy', 'Những chú thú cưng có cuộc sống bí mật thú vị khi chủ nhân vắng nhà.', 1, NOW(), NULL, NULL, 1),
('The Good Dinosaur', 'The Good Dinosaur', 93, 'https://lumiere-a.akamaihd.net/v1/images/p_thegooddinosaur_19753_03c2af0a.jpeg?region=0%2C0%2C540%2C810', NULL, 'Peter Sohn', 'Raymond Ochoa, Jeffrey Wright', 'USA', 2015, 'Family movie, Cartoon, Adventure', 'Một chú khủng long trẻ kết bạn với cậu bé người tiền sử.', 1, NOW(), NULL, NULL, 1),

('The Godfather', 'The Godfather', 175, 'https://image.tmdb.org/t/p/w500/3bhkrj58Vtu7enYsRolD1fZdja1.jpg', NULL, 'Francis Ford Coppola', 'Marlon Brando, Al Pacino', 'USA', 1972, 'Crime & Gangster, Drama', 'Câu chuyện về gia đình mafia quyền lực Corleone trong thế giới ngầm nước Mỹ.', 1, NOW(), NULL, NULL, 1),
('The Irishman', 'The Irishman', 209, 'https://image.tmdb.org/t/p/w500/mbm8k3GFhXS0ROd9AD1gqYbIFbM.jpg', NULL, 'Martin Scorsese', 'Robert De Niro, Al Pacino', 'USA', 2019, 'Crime & Gangster, Historical, Drama', 'Cựu sát thủ mafia Frank Sheeran hồi tưởng cuộc đời tội lỗi của mình.', 1, NOW(), NULL, NULL, 1),
('Goodfellas', 'Goodfellas', 146, 'https://image.tmdb.org/t/p/w500/aKuFiU82s5ISJpGZp7YkIr3kCUd.jpg', NULL, 'Martin Scorsese', 'Ray Liotta, Joe Pesci', 'USA', 1990, 'Crime & Gangster, Drama', 'Câu chuyện về Henry Hill và cuộc đời của một gangster thực thụ.', 1, NOW(), NULL, NULL, 1),
('The Dark Knight', 'The Dark Knight', 152, 'https://image.tmdb.org/t/p/w500/qJ2tW6WMUDux911r6m7haRef0WH.jpg', NULL, 'Christopher Nolan', 'Christian Bale, Heath Ledger', 'USA', 2008, 'Action, Crime & Gangster, Thriller', 'Batman đối đầu Joker – tên tội phạm nguy hiểm nhất thành phố Gotham.', 1, NOW(), NULL, NULL, 1),
('The Departed', 'The Departed', 151, 'https://irs.www.warnerbros.com/keyart-jpeg/movies/media/browser/departed_4k_keyart.jpg', NULL, 'Martin Scorsese', 'Leonardo DiCaprio, Matt Damon', 'USA', 2006, 'Crime & Gangster, Thriller, Drama', 'Cảnh sát chìm và gián điệp mafia đấu trí để sống sót.', 1, NOW(), NULL, NULL, 1),
('Scarface', 'Scarface', 170, 'https://image.tmdb.org/t/p/w500/iQ5ztdjvteGeboxtmRdXEChJOHh.jpg', NULL, 'Brian De Palma', 'Al Pacino, Michelle Pfeiffer', 'USA', 1983, 'Crime & Gangster, Drama, Action', 'Tony Montana từ tay trộm nhỏ trở thành trùm ma túy khét tiếng ở Miami.', 1, NOW(), NULL, NULL, 1),
('Joker', 'Joker', 122, 'https://image.tmdb.org/t/p/w500/udDclJoHjfjb8Ekgsd4FDteOkCU.jpg', NULL, 'Todd Phillips', 'Joaquin Phoenix, Robert De Niro', 'USA', 2019, 'Crime & Gangster, Drama, Tragedy', 'Câu chuyện về nguồn gốc của Joker – gã hề bị xã hội ruồng bỏ.', 1, NOW(), NULL, NULL, 1),

('Saving Private Ryan', 'Saving Private Ryan', 169, 'https://s3.amazonaws.com/nightjarprod/content/uploads/sites/330/2024/11/06133218/AdpcyHDrwxUuBi6OCSvNbAmRLKK-scaled.jpg', NULL, 'Steven Spielberg', 'Tom Hanks, Matt Damon, Tom Sizemore', 'USA', 1998, 'War, Drama, Historical', 'Một đội lính Mỹ được cử đi cứu binh nhì James Ryan giữa Thế chiến II.', 1, NOW(), NULL, NULL, 1),
('1917', '1917', 119, 'https://image.tmdb.org/t/p/w500/AuGiPiGMYMkSosOJ3BQjDEAiwtO.jpg', NULL, 'Sam Mendes', 'George MacKay, Dean-Charles Chapman', 'UK', 2019, 'War, Drama, Historical', 'Hai binh sĩ Anh được giao nhiệm vụ nguy hiểm vượt qua chiến tuyến để cứu đồng đội.', 1, NOW(), NULL, NULL, 1),
('Hacksaw Ridge', 'Hacksaw Ridge', 139, 'https://image.tmdb.org/t/p/w500/fTuxNlgEm04PPFkr1xfK94Jn8BW.jpg', NULL, 'Mel Gibson', 'Andrew Garfield, Sam Worthington', 'USA', 2016, 'War, Biography, Drama', 'Câu chuyện có thật về người lính không mang súng Desmond Doss cứu hàng chục người trong Thế chiến II.', 1, NOW(), NULL, NULL, 1),
('Dunkirk', 'Dunkirk', 107, 'https://image.tmdb.org/t/p/w500/ebSnODDg9lbsMIaWg2uAbjn7TO5.jpg', NULL, 'Christopher Nolan', 'Fionn Whitehead, Tom Hardy, Cillian Murphy', 'UK', 2017, 'War, Action, Drama', 'Cuộc di tản thần kỳ của binh lính Anh tại Dunkirk trong Thế chiến II.', 1, NOW(), NULL, NULL, 1),
('Apocalypse Now', 'Apocalypse Now', 147, 'https://image.tmdb.org/t/p/w500/gQB8Y5RCMkv2zwzFHbUJX3kAhvA.jpg', NULL, 'Francis Ford Coppola', 'Martin Sheen, Marlon Brando, Robert Duvall', 'USA', 1979, 'War, Tragedy, Psychological', 'Một viên đại úy được giao nhiệm vụ ám sát sĩ quan phản loạn giữa rừng rậm Việt Nam.', 1, NOW(), NULL, NULL, 1),
('The Thin Red Line', 'The Thin Red Line', 170, 'https://mondoshop.com/cdn/shop/products/Ruas_TheThinRedLine_FINALforprint.jpg?v=1667677763', NULL, 'Terrence Malick', 'Jim Caviezel, Sean Penn, Nick Nolte', 'USA', 1998, 'War, Drama, Tragedy', 'Khắc họa xung đột giữa bản năng sinh tồn và nhiệm vụ trong Thế chiến II.', 1, NOW(), NULL, NULL, 1),


('Titanic', 'Titanic', 195, 'https://image.tmdb.org/t/p/w500/9xjZS2rlVxm8SFx8kPC3aIGCOYQ.jpg', NULL, 'James Cameron', 'Leonardo DiCaprio, Kate Winslet', 'USA', 1997, 'Tragedy, Romance, Historical', 'Câu chuyện tình bi thương trên con tàu huyền thoại Titanic.', 1, NOW(), NULL, NULL, 1),
('Schindler’s List', 'Schindler’s List', 195, 'https://image.tmdb.org/t/p/w500/c8Ass7acuOe4za6DhSattE359gr.jpg', NULL, 'Steven Spielberg', 'Liam Neeson, Ben Kingsley, Ralph Fiennes', 'USA', 1993, 'Tragedy, War, Historical', 'Doanh nhân Đức Oskar Schindler cứu hàng trăm người Do Thái khỏi thảm sát.', 1, NOW(), NULL, NULL, 1),
('Requiem for a Dream', 'Requiem for a Dream', 102, 'https://image.tmdb.org/t/p/w500/nOd6vjEmzCT0k4VYqsA2hwyi87C.jpg', NULL, 'Darren Aronofsky', 'Ellen Burstyn, Jared Leto, Jennifer Connelly', 'USA', 2000, 'Tragedy, Drama, Psychological', 'Bốn con người bị hủy hoại bởi giấc mơ và cơn nghiện.', 1, NOW(), NULL, NULL, 1),
('Manchester by the Sea', 'Manchester by the Sea', 137, 'https://image.tmdb.org/t/p/w500/rXsh4MI6uyVgZBSSzXCfitJnVPy.jpg', NULL, 'Kenneth Lonergan', 'Casey Affleck, Michelle Williams', 'USA', 2016, 'Tragedy, Drama', 'Người đàn ông trở về quê sau cái chết của anh trai và đối mặt nỗi đau quá khứ.', 1, NOW(), NULL, NULL, 1),
('Joker', 'Joker', 122, 'https://image.tmdb.org/t/p/w500/udDclJoHjfjb8Ekgsd4FDteOkCU.jpg', NULL, 'Todd Phillips', 'Joaquin Phoenix, Robert De Niro', 'USA', 2019, 'Tragedy, Drama, Crime & Gangster', 'Người đàn ông bị xã hội ruồng bỏ dần biến thành kẻ khủng bố Joker.', 1, NOW(), NULL, NULL, 1),
('The Green Mile', 'The Green Mile', 189, 'https://image.tmdb.org/t/p/w500/sOHqdY1RnSn6kcfAHKu28jvTebE.jpg', NULL, 'Frank Darabont', 'Tom Hanks, Michael Clarke Duncan', 'USA', 1999, 'Tragedy, Drama, Fantasy', 'Người cai ngục chứng kiến phép màu và bi kịch nơi nhà tù tử hình.', 1, NOW(), NULL, NULL, 1),

('Braveheart', 'Braveheart', 178, 'https://image.tmdb.org/t/p/w500/or1gBugydmjToAEq7OZY0owwFk.jpg', NULL, 'Mel Gibson', 'Mel Gibson, Sophie Marceau', 'USA', 1995, 'Historical, War, Drama', 'Chiến binh William Wallace lãnh đạo người Scotland chống lại sự cai trị của Anh.', 1, NOW(), NULL, NULL, 1),
('Gladiator', 'Gladiator', 155, 'https://image.tmdb.org/t/p/w500/ty8TGRuvJLPUmAR1H1nRIsgwvim.jpg', NULL, 'Ridley Scott', 'Russell Crowe, Joaquin Phoenix', 'USA', 2000, 'Historical, Action, Drama', 'Tướng quân Maximus bị phản bội trở thành đấu sĩ trả thù hoàng đế.', 1, NOW(), NULL, NULL, 1),
('The King’s Speech', 'The King’s Speech', 118, 'https://image.tmdb.org/t/p/w500/uQ538BfYLDJh3GXlzRZLo0j7PFj.jpg', NULL, 'Tom Hooper', 'Colin Firth, Geoffrey Rush, Helena Bonham Carter', 'UK', 2010, 'Historical, Drama, Biography', 'Vua George VI vượt qua chứng nói lắp để lãnh đạo đất nước.', 1, NOW(), NULL, NULL, 1),
('Lincoln', 'Lincoln', 150, 'https://image.tmdb.org/t/p/w500/o0lO84GI7qrG6XFvtsPOSV7CTNa.jpg', NULL, 'Steven Spielberg', 'Daniel Day-Lewis, Sally Field, Tommy Lee Jones', 'USA', 2012, 'Historical, Drama, War', 'Tổng thống Abraham Lincoln đấu tranh để bãi bỏ chế độ nô lệ.', 1, NOW(), NULL, NULL, 1),
('The Last Samurai', 'The Last Samurai', 154, 'https://cdn.displate.com/artwork/857x1200/2024-11-01/a6361e81-a6d9-43c8-905c-a0d6ddebae01.jpg', NULL, 'Edward Zwick', 'Tom Cruise, Ken Watanabe', 'USA', 2003, 'Historical, Action, War', 'Một sĩ quan Mỹ gia nhập samurai trong thời kỳ hiện đại hóa Nhật Bản.', 1, NOW(), NULL, NULL, 1),
('The Pianist', 'The Pianist', 150, 'https://image.tmdb.org/t/p/w500/2hFvxCCWrTmCYwfy7yum0GKRi3Y.jpg', NULL, 'Roman Polanski', 'Adrien Brody, Thomas Kretschmann', 'Poland', 2002, 'Historical, War, Tragedy', 'Nhạc sĩ Do Thái cố sống sót trong Thế chiến II ở Warsaw.', 1, NOW(), NULL, NULL, 1),

('Forrest Gump', 'Forrest Gump', 142, 'https://image.tmdb.org/t/p/w500/saHP97rTPS5eLmrLQEcANmKrsFl.jpg', NULL, 'Robert Zemeckis', 'Tom Hanks, Robin Wright, Gary Sinise', 'USA', 1994, 'Drama, Romance, Historical', 'Cuộc đời phi thường của người đàn ông giản dị Forrest Gump qua nhiều thập kỷ.', 1, NOW(), NULL, NULL, 1),
('The Shawshank Redemption', 'The Shawshank Redemption', 142, 'https://image.tmdb.org/t/p/w500/q6y0Go1tsGEsmtFryDOJo3dEmqu.jpg', NULL, 'Frank Darabont', 'Tim Robbins, Morgan Freeman', 'USA', 1994, 'Drama, Tragedy', 'Hai tù nhân xây dựng tình bạn và tìm kiếm hy vọng trong ngục tối.', 1, NOW(), NULL, NULL, 1),
('The Pursuit of Happyness', 'The Pursuit of Happyness', 117, 'https://image.tmdb.org/t/p/original/NxDl4PgtQOVZzigrRG85JDR4Lm.jpg', NULL, 'Gabriele Muccino', 'Will Smith, Jaden Smith', 'USA', 2006, 'Drama, Biography', 'Người cha đơn thân vượt qua nghèo khó để mang lại tương lai cho con trai.', 1, NOW(), NULL, NULL, 1),
('A Beautiful Mind', 'A Beautiful Mind', 135, 'https://image.tmdb.org/t/p/w500/zwzWCmH72OSC9NA0ipoqw5Zjya8.jpg', NULL, 'Ron Howard', 'Russell Crowe, Jennifer Connelly', 'USA', 2001, 'Drama, Biography, Psychological', 'Nhà toán học thiên tài John Nash chiến đấu với căn bệnh tâm thần phân liệt.', 1, NOW(), NULL, NULL, 1),
('The Social Network', 'The Social Network', 120, 'https://image.tmdb.org/t/p/w500/n0ybibhJtQ5icDqTp8eRytcIHJx.jpg', NULL, 'David Fincher', 'Jesse Eisenberg, Andrew Garfield', 'USA', 2010, 'Drama, Historical, Biography', 'Câu chuyện hình thành Facebook và cuộc chiến pháp lý giữa những người sáng lập.', 1, NOW(), NULL, NULL, 1),
('La La Land', 'La La Land', 128, 'https://image.tmdb.org/t/p/w500/uDO8zWDhfWwoFdKS4fzkUJt0Rf0.jpg', NULL, 'Damien Chazelle', 'Ryan Gosling, Emma Stone', 'USA', 2016, 'Drama, Romance, Musical', 'Một chuyện tình đầy âm nhạc giữa nghệ sĩ jazz và nữ diễn viên trẻ.', 1, NOW(), NULL, NULL, 1),

-- ===== WESTERN =====
('The Good, the Bad and the Ugly', 'The Good, the Bad and the Ugly', 178, 'https://image.tmdb.org/t/p/w500/bX2xnavhMYjWDoZp1VM6VnU1xwe.jpg', NULL, 'Sergio Leone', 'Clint Eastwood, Lee Van Cleef', 'Italy', 1966, 'Western, Action, Adventure', 'Ba tay súng cạnh tranh để tìm kho báu giữa chiến tranh.', 1, NOW(), NULL, NULL, 1),
('Django Unchained', 'Django Unchained', 165, 'https://image.tmdb.org/t/p/w500/7oWY8VDWW7thTzWh3OKYRkWUlD5.jpg', NULL, 'Quentin Tarantino', 'Jamie Foxx, Christoph Waltz, Leonardo DiCaprio', 'USA', 2012, 'Western, Drama, Action', 'Nô lệ Django hợp tác với thợ săn tiền thưởng để giải cứu vợ khỏi chủ nô độc ác.', 1, NOW(), NULL, NULL, 1),
('The Hateful Eight', 'The Hateful Eight', 187, 'https://m.media-amazon.com/images/S/pv-target-images/ec67a903a53a8b0262ca77c2cd3c371b86ae89639365812b260c586b9c2c8de7.jpg', NULL, 'Quentin Tarantino', 'Samuel L. Jackson, Kurt Russell', 'USA', 2015, 'Western, Mystery, Thriller', 'Tám người xa lạ bị kẹt trong cơn bão tuyết, và một bí mật chết người dần hé lộ.', 1, NOW(), NULL, NULL, 1),
('True Grit', 'True Grit', 110, 'https://image.tmdb.org/t/p/w500/wyvUmyzqGOBDyqLHRSukGDjI7bH.jpg', NULL, 'Ethan Coen, Joel Coen', 'Jeff Bridges, Hailee Steinfeld', 'USA', 2010, 'Western, Drama, Adventure', 'Một cô gái trẻ nhờ tay săn tiền thưởng giúp trả thù cho cha bị sát hại.', 1, NOW(), NULL, NULL, 1),
('The Revenant', 'The Revenant', 156, 'https://m.media-amazon.com/images/I/51Af-mhHw-L._AC_UF894,1000_QL80_.jpg', NULL, 'Alejandro G. Iñárritu', 'Leonardo DiCaprio, Tom Hardy', 'USA', 2015, 'Western, Drama, Adventure', 'Người thợ săn sống sót kỳ diệu sau khi bị gấu tấn công và bị bỏ lại giữa rừng tuyết.', 1, NOW(), NULL, NULL, 1),
('No Country for Old Men', 'No Country for Old Men', 122, 'https://m.media-amazon.com/images/M/MV5BMjA5Njk3MjM4OV5BMl5BanBnXkFtZTcwMTc5MTE1MQ@@._V1_FMjpg_UX1000_.jpg', NULL, 'Joel Coen, Ethan Coen', 'Josh Brolin, Javier Bardem', 'USA', 2007, 'Western, Crime & Gangster, Thriller', 'Một tay thợ săn phát hiện túi tiền từ vụ ma túy và bị truy sát bởi sát thủ vô cảm.', 1, NOW(), NULL, NULL, 1),

-- ===== COMEDY =====
('The Hangover', 'The Hangover', 100, 'https://image.tmdb.org/t/p/w500/uluhlXubGu1VxU63X9VHCLWDAYP.jpg', NULL, 'Todd Phillips', 'Bradley Cooper, Ed Helms, Zach Galifianakis', 'USA', 2009, 'Comedy, Adventure', 'Ba người bạn tỉnh dậy sau đêm tiệc độc thân mà không nhớ chuyện gì đã xảy ra.', 1, NOW(), NULL, NULL, 1),
('Superbad', 'Superbad', 113, 'https://image.tmdb.org/t/p/w500/ek8e8txUyUwd2BNqj6lFEerJfbq.jpg', NULL, 'Greg Mottola', 'Jonah Hill, Michael Cera', 'USA', 2007, 'Comedy, Teen', 'Hai học sinh trung học cố gắng tổ chức bữa tiệc đáng nhớ nhất đời.', 1, NOW(), NULL, NULL, 1),
('The Intouchables', 'The Intouchables', 112, 'https://m.media-amazon.com/images/M/MV5BMTYxNDA3MDQwNl5BMl5BanBnXkFtZTcwNTU4Mzc1Nw@@._V1_.jpg', NULL, 'Olivier Nakache, Éric Toledano', 'François Cluzet, Omar Sy', 'France', 2011, 'Comedy, Drama, Biography', 'Tình bạn cảm động giữa quý ông bại liệt và người giúp việc nghèo khổ.', 1, NOW(), NULL, NULL, 1),
('Deadpool', 'Deadpool', 108, 'https://www.tallengestore.com/cdn/shop/products/Movie_Poster_Art_-_Deadpool_-_New_Face_Of_Justice_-_Tallenge_Hollywood_Poster_Collection_e2bb3bf6-2f8a-47d5-b7b6-08030964947d.jpg?v=1578044953', NULL, 'Tim Miller', 'Ryan Reynolds, Morena Baccarin', 'USA', 2016, 'Comedy, Action, Sci-fi', 'Một lính đánh thuê bị đột biến gen và trở thành anh hùng không chính thống.', 1, NOW(), NULL, NULL, 1),
('Mr. Bean’s Holiday', 'Mr. Bean’s Holiday', 90, 'https://image.tmdb.org/t/p/original/rEHMbC46TMBbsT1AQcPQtYFNMuz.jpg', NULL, 'Steve Bendelack', 'Rowan Atkinson, Willem Dafoe', 'UK', 2007, 'Comedy, Family movie', 'Ông Bean gây ra hàng loạt rắc rối trong chuyến du lịch Pháp.', 1, NOW(), NULL, NULL, 1),
('Jojo Rabbit', 'Jojo Rabbit', 108, 'https://image.tmdb.org/t/p/w500/7GsM4mtM0worCtIVeiQt28HieeN.jpg', NULL, 'Taika Waititi', 'Roman Griffin Davis, Scarlett Johansson', 'USA', 2019, 'Comedy, War, Drama', 'Cậu bé Đức Quốc Xã phát hiện mẹ mình đang giấu người Do Thái.', 1, NOW(), NULL, NULL, 1),

-- ===== MUSICAL =====
('The Greatest Showman', 'The Greatest Showman', 105, 'https://image.tmdb.org/t/p/w500/b9CeobiihCx1uG1tpw8hXmpi7nm.jpg', NULL, 'Michael Gracey', 'Hugh Jackman, Zac Efron', 'USA', 2017, 'Musical, Drama, Biography', 'Câu chuyện về người sáng lập rạp xiếc P.T. Barnum và giấc mơ lớn lao của ông.', 1, NOW(), NULL, NULL, 1),
('Mamma Mia!', 'Mamma Mia!', 108, 'https://m.media-amazon.com/images/I/71dhcIKneVL._AC_UF894,1000_QL80_.jpg', NULL, 'Phyllida Lloyd', 'Meryl Streep, Amanda Seyfried', 'UK', 2008, 'Musical, Comedy, Romance', 'Một cô gái chuẩn bị kết hôn cố gắng tìm cha thật của mình qua những bài hát ABBA.', 1, NOW(), NULL, NULL, 1),
('Les Misérables', 'Les Misérables', 158, 'https://m.media-amazon.com/images/M/MV5BY2Q1YjIxZTAtZTU0YS00ZmE5LWEwODEtY2IyYWM2ZTJlOWE1XkEyXkFqcGc@._V1_.jpg', NULL, 'Tom Hooper', 'Hugh Jackman, Anne Hathaway, Russell Crowe', 'UK', 2012, 'Musical, Drama, Historical', 'Người tù khổ sai Jean Valjean tìm lại nhân phẩm giữa thời loạn.', 1, NOW(), NULL, NULL, 1),
('La La Land', 'La La Land', 128, 'https://image.tmdb.org/t/p/w500/uDO8zWDhfWwoFdKS4fzkUJt0Rf0.jpg', NULL, 'Damien Chazelle', 'Ryan Gosling, Emma Stone', 'USA', 2016, 'Musical, Romance, Drama', 'Một chuyện tình lãng mạn giữa nghệ sĩ jazz và nữ diễn viên trẻ tại Los Angeles.', 1, NOW(), NULL, NULL, 1),
('Pitch Perfect', 'Pitch Perfect', 112, 'https://image.tmdb.org/t/p/w500/7IXMqZnwccogptThay3togKIFWw.jpg', NULL, 'Jason Moore', 'Anna Kendrick, Rebel Wilson', 'USA', 2012, 'Musical, Comedy', 'Nhóm nữ sinh thi đấu hát a cappella để chinh phục danh hiệu toàn quốc.', 1, NOW(), NULL, NULL, 1),
('High School Musical', 'High School Musical', 98, 'https://media-cache.cinematerial.com/p/500x/5ohdxj2t/high-school-musical-movie-poster.jpg?v=1456810228', NULL, 'Kenny Ortega', 'Zac Efron, Vanessa Hudgens', 'USA', 2006, 'Musical, Romance, Family movie', 'Câu chuyện tình và âm nhạc giữa hai học sinh trung học với niềm đam mê sân khấu.', 1, NOW(), NULL, NULL, 1),

-- ===== SCI-FI =====
('Interstellar', 'Interstellar', 169, 'https://image.tmdb.org/t/p/w500/rAiYTfKGqDCRIIqo664sY9XZIvQ.jpg', NULL, 'Christopher Nolan', 'Matthew McConaughey, Anne Hathaway, Jessica Chastain', 'USA', 2014, 'Sci-fi, Drama, Adventure', 'Một nhóm phi hành gia vượt qua lỗ sâu để tìm hành tinh mới cho loài người.', 1, NOW(), NULL, NULL, 1),
('The Matrix', 'The Matrix', 136, 'https://image.tmdb.org/t/p/w500/f89U3ADr1oiB1s9GkdPOEpXUk5H.jpg', NULL, 'Lana Wachowski, Lilly Wachowski', 'Keanu Reeves, Laurence Fishburne, Carrie-Anne Moss', 'USA', 1999, 'Sci-fi, Action, Thriller', 'Một hacker phát hiện thế giới thật chỉ là mô phỏng do máy móc kiểm soát.', 1, NOW(), NULL, NULL, 1),
('Blade Runner 2049', 'Blade Runner 2049', 164, 'https://m.media-amazon.com/images/M/MV5BNzA1Njg4NzYxOV5BMl5BanBnXkFtZTgwODk5NjU3MzI@._V1_.jpg', NULL, 'Denis Villeneuve', 'Ryan Gosling, Harrison Ford', 'USA', 2017, 'Sci-fi, Mystery, Drama', 'Thanh tra K phát hiện bí mật có thể thay đổi tương lai nhân loại.', 1, NOW(), NULL, NULL, 1),
('Avatar', 'Avatar', 162, 'https://image.tmdb.org/t/p/w500/jRXYjXNq0Cs2TcJjLkki24MLp7u.jpg', NULL, 'James Cameron', 'Sam Worthington, Zoe Saldaña, Sigourney Weaver', 'USA', 2009, 'Sci-fi, Action, Adventure', 'Con người xâm chiếm hành tinh Pandora và xung đột với tộc Na/''vi.''', 1, NOW(), NULL, NULL, 1),
('Arrival', 'Arrival', 116, 'https://image.tmdb.org/t/p/w500/x2FJsf1ElAgr63Y3PNPtJrcmpoe.jpg', NULL, 'Denis Villeneuve', 'Amy Adams, Jeremy Renner, Forest Whitaker', 'USA', 2016, 'Sci-fi, Drama, Mystery', 'Nhà ngôn ngữ học cố gắng giao tiếp với người ngoài hành tinh để tránh chiến tranh.', 1, NOW(), NULL, NULL, 1),
('Dune', 'Dune', 155, 'https://image.tmdb.org/t/p/w500/d5NXSklXo0qyIYkgV94XAgMIckC.jpg', NULL, 'Denis Villeneuve', 'Timothée Chalamet, Rebecca Ferguson, Zendaya', 'USA', 2021, 'Sci-fi, Adventure, Drama', 'Cậu bé Paul Atreides định mệnh lãnh đạo cuộc chiến giành hành tinh sa mạc Arrakis.', 1, NOW(), NULL, NULL, 1),

-- ===== DOCUMENTARY =====
('The Social Dilemma', 'The Social Dilemma', 94, 'https://cdn.cinematerial.com/p/136x/wcx6faci/the-social-dilemma-video-on-demand-movie-cover-sm.jpg?v=1603396152', NULL, 'Jeff Orlowski', 'Tristan Harris, Justin Rosenstein', 'USA', 2020, 'Documentary, Sci-fi', 'Phim tài liệu khám phá mặt tối của mạng xã hội và tác động đến con người.', 1, NOW(), NULL, NULL, 1),
('Free Solo', 'Free Solo', 100, 'https://lh5.googleusercontent.com/proxy/N7pce0rscOYrp8SliXjzEZriqAYHUhlsyP_iJ5RURHk-IVUc4TpAiDjrnjglCi2p0wv7CY-NOV8c-QaGlcIIB1u5sMeLjqTHGvw', NULL, 'Elizabeth Chai Vasarhelyi, Jimmy Chin', 'Alex Honnold', 'USA', 2018, 'Documentary, Adventure', 'Leo núi Alex Honnold chinh phục vách đá El Capitan mà không dây bảo hiểm.', 1, NOW(), NULL, NULL, 1),
('My Octopus Teacher', 'My Octopus Teacher', 85, 'https://m.media-amazon.com/images/M/MV5BYWU5OGMxYjktMWY5Ny00NDJhLTgwMDktNjVmMTExZGIyODljXkEyXkFqcGc@._V1_FMjpg_UX1000_.jpg', NULL, 'Pippa Ehrlich, James Reed', 'Craig Foster', 'South Africa', 2020, 'Documentary, Nature, Drama', 'Người đàn ông kết nối cảm xúc với bạch tuộc hoang dã ở Nam Phi.', 1, NOW(), NULL, NULL, 1),
('Inside Job', 'Inside Job', 108, 'https://m.media-amazon.com/images/M/MV5BMTQ3MjkyODA2Nl5BMl5BanBnXkFtZTcwNzQxMTU4Mw@@._V1_.jpg', NULL, 'Charles Ferguson', 'Matt Damon', 'USA', 2010, 'Documentary, Historical', 'Phân tích nguyên nhân khủng hoảng tài chính toàn cầu 2008.', 1, NOW(), NULL, NULL, 1),
('Won’t You Be My Neighbor?', 'Won’t You Be My Neighbor?', 94, 'https://m.media-amazon.com/images/M/MV5BMTk2YzRmYjUtNmQ1NC00NGU4LTgxOTgtMDY3NDI5NTBjYjRmXkEyXkFqcGc@._V1_.jpg', NULL, 'Morgan Neville', 'Fred Rogers', 'USA', 2018, 'Documentary, Biography', 'Khám phá cuộc đời người dẫn chương trình trẻ em nổi tiếng Fred Rogers.', 1, NOW(), NULL, NULL, 1),

-- ===== SITCOM =====
('Friends: The Reunion', 'Friends: The Reunion', 104, 'https://m.media-amazon.com/images/M/MV5BY2M5ZjljNmUtNDA1MC00ZWNlLWJlNGUtZDczYWMwZmY2OTgyXkEyXkFqcGc@._V1_FMjpg_UX1000_.jpg', NULL, 'Ben Winston', 'Jennifer Aniston, Courteney Cox, Matthew Perry', 'USA', 2021, 'Sitcom, Comedy', 'Dàn diễn viên Friends tái ngộ và chia sẻ kỷ niệm 25 năm bộ phim huyền thoại.', 1, NOW(), NULL, NULL, 1),
('The Office: UK Special', 'The Office: UK Special', 90, 'https://m.media-amazon.com/images/M/MV5BNTk4MjNjODctNDgyZC00NDhkLWE1OGQtMjA3M2FlMDVjMjkzXkEyXkFqcGc@._V1_.jpg', NULL, 'Ricky Gervais, Stephen Merchant', 'Ricky Gervais, Martin Freeman', 'UK', 2003, 'Sitcom, Comedy', 'David Brent và nhân viên tái hợp sau nhiều năm trong buổi tiệc cuối năm.', 1, NOW(), NULL, NULL, 1),
('Brooklyn Nine-Nine: Pilot', 'Brooklyn Nine-Nine: Pilot', 22, 'https://static0.cbrimages.com/wordpress/wp-content/uploads/sharedimages/2024/04/brooklyn-99-poster.jpeg?q=49&fit=contain&w=480&dpr=2', NULL, 'Michael Schur, Dan Goor', 'Andy Samberg, Terry Crews, Andre Braugher', 'USA', 2013, 'Sitcom, Comedy, Detective', 'Thám tử Jake Peralta và đội 99 bắt đầu chuỗi vụ án hài hước tại New York.', 1, NOW(), NULL, NULL, 1),
('How I Met Your Mother: The Beginning', 'How I Met Your Mother: The Beginning', 25, 'https://m.media-amazon.com/images/I/61Gp6Ee2EZL._AC_UF894,1000_QL80_.jpg', NULL, 'Pamela Fryman', 'Josh Radnor, Neil Patrick Harris', 'USA', 2005, 'Sitcom, Romance, Comedy', 'Ted kể lại cho các con mình về hành trình tìm kiếm tình yêu đích thực.', 1, NOW(), NULL, NULL, 1),
('The Big Bang Theory: Pilot', 'The Big Bang Theory: Pilot', 23, 'https://image.tmdb.org/t/p/w500/ooBGRQBdbGzBxAVfExiO8r7kloA.jpg', NULL, 'Mark Cendrowski', 'Jim Parsons, Johnny Galecki, Kaley Cuoco', 'USA', 2007, 'Sitcom, Comedy', 'Hai nhà khoa học lập dị gặp cô hàng xóm Penny và mọi chuyện bắt đầu.', 1, NOW(), NULL, NULL, 1),

-- ===== ROMANCE =====
('The Notebook', 'The Notebook', 123, 'https://m.media-amazon.com/images/M/MV5BZjE0ZjgzMzYtMTAxYi00NGMzLThmZDktNzFlMzA2MWRmYWQ0XkEyXkFqcGc@._V1_.jpg', NULL, 'Nick Cassavetes', 'Ryan Gosling, Rachel McAdams', 'USA', 2004, 'Romance, Drama', 'Chuyện tình vượt thời gian giữa Noah và Allie trong thời chiến.', 1, NOW(), NULL, NULL, 1),
('Pride & Prejudice', 'Pride & Prejudice', 129, 'https://m.media-amazon.com/images/M/MV5BMTA1NDQ3NTcyOTNeQTJeQWpwZ15BbWU3MDA0MzA4MzE@._V1_FMjpg_UX1000_.jpg', NULL, 'Joe Wright', 'Keira Knightley, Matthew Macfadyen', 'UK', 2005, 'Romance, Historical, Drama', 'Elizabeth Bennet phải đối mặt với định kiến và tình cảm của Mr. Darcy.', 1, NOW(), NULL, NULL, 1),
('Crazy Rich Asians', 'Crazy Rich Asians', 121, 'https://image.tmdb.org/t/p/w500/1XxL4LJ5WHdrcYcihEZUCgNCpAW.jpg', NULL, 'Jon M. Chu', 'Constance Wu, Henry Golding', 'USA', 2018, 'Romance, Comedy, Drama', 'Rachel phát hiện bạn trai mình là người thừa kế giàu có bậc nhất Singapore.', 1, NOW(), NULL, NULL, 1),
('Before Sunrise', 'Before Sunrise', 101, 'https://image.tmdb.org/t/p/w500/6QMSLvU5ziIL2T6VrkaKzN2YkxK.jpg', NULL, 'Richard Linklater', 'Ethan Hawke, Julie Delpy', 'USA', 1995, 'Romance, Drama', 'Hai người xa lạ gặp nhau trên tàu và trải qua đêm nói chuyện ở Vienna.', 1, NOW(), NULL, NULL, 1),
('Me Before You', 'Me Before You', 110, 'https://m.media-amazon.com/images/M/MV5BMTQ2NjE4NDE2NV5BMl5BanBnXkFtZTgwOTcwNDE5NzE@._V1_FMjpg_UX1000_.jpg', NULL, 'Thea Sharrock', 'Emilia Clarke, Sam Claflin', 'UK', 2016, 'Romance, Drama, Tragedy', 'Cô gái nông thôn trở thành người chăm sóc cho chàng trai bại liệt và tình yêu nảy nở.', 1, NOW(), NULL, NULL, 1),
('Your Name', 'Your Name', 106, 'https://image.tmdb.org/t/p/w500/q719jXXEzOoYaps6babgKnONONX.jpg', NULL, 'Makoto Shinkai', 'Ryunosuke Kamiki, Mone Kamishiraishi', 'Japan', 2016, 'Romance, Magic / Fantasy, Cartoon', 'Hai thiếu niên hoán đổi thân xác và dệt nên câu chuyện định mệnh.', 1, NOW(), NULL, NULL, 1),

-- ===== ADVENTURE =====
('Indiana Jones and the Last Crusade', 'Indiana Jones and the Last Crusade', 127, 'https://m.media-amazon.com/images/M/MV5BNGIxNzQ0YzYtMjNmYi00YjBlLWFjNzEtNGE3ZGFmYTczM2MwXkEyXkFqcGc@._V1_FMjpg_UX1000_.jpg', NULL, 'Steven Spielberg', 'Harrison Ford, Sean Connery', 'USA', 1989, 'Adventure, Action, Historical', 'Nhà khảo cổ Indiana Jones lên đường tìm Chén Thánh trước Đức Quốc Xã.', 1, NOW(), NULL, NULL, 1),
('Jurassic Park', 'Jurassic Park', 127, 'https://filmartgallery.com/cdn/shop/products/Jurassic-Park-Vintage-Movie-Poster-Original.jpg?v=1738906074', NULL, 'Steven Spielberg', 'Sam Neill, Laura Dern, Jeff Goldblum', 'USA', 1993, 'Adventure, Sci-fi, Thriller', 'Một công viên khủng long trở thành cơn ác mộng khi hệ thống an ninh sập.', 1, NOW(), NULL, NULL, 1),
('Life of Pi', 'Life of Pi', 127, 'https://image.tmdb.org/t/p/original/iLgRu4hhSr6V1uManX6ukDriiSc.jpg', NULL, 'Ang Lee', 'Suraj Sharma, Irrfan Khan', 'India', 2012, 'Adventure, Magic / Fantasy, Drama', 'Cậu bé Ấn Độ bị mắc kẹt giữa đại dương cùng con hổ Bengal.', 1, NOW(), NULL, NULL, 1),
('The Hobbit: An Unexpected Journey', 'The Hobbit: An Unexpected Journey', 169, 'https://image.tmdb.org/t/p/w500/yHA9Fc37VmpUA5UncTxxo3rTGVA.jpg', NULL, 'Peter Jackson', 'Martin Freeman, Ian McKellen', 'New Zealand', 2012, 'Adventure, Magic / Fantasy, Action', 'Bilbo Baggins tham gia chuyến phiêu lưu với nhóm người lùn để giành lại quê hương.', 1, NOW(), NULL, NULL, 1),
('Jumanji: Welcome to the Jungle', 'Jumanji: Welcome to the Jungle', 119, 'https://image.tmdb.org/t/p/w500/pSgXKPU5h6U89ipF7HBYajvYt7j.jpg', NULL, 'Jake Kasdan', 'Dwayne Johnson, Kevin Hart, Karen Gillan', 'USA', 2017, 'Adventure, Comedy, Fantasy', 'Bốn học sinh bị hút vào trò chơi điện tử và phải sống sót để trở về.', 1, NOW(), NULL, NULL, 1),
('The Lost City', 'The Lost City', 112, 'https://image.tmdb.org/t/p/w500/neMZH82Stu91d3iqvLdNQfqPPyl.jpg', NULL, 'Aaron Nee, Adam Nee', 'Sandra Bullock, Channing Tatum', 'USA', 2022, 'Adventure, Romance, Comedy', 'Nhà văn bị bắt cóc trong rừng nhiệt đới cùng người mẫu bìa sách.', 1, NOW(), NULL, NULL, 1),

-- ===== MAGIC / FANTASY =====
('Harry Potter and the Sorcerer’s Stone', 'Harry Potter and the Sorcerer’s Stone', 152, 'https://image.tmdb.org/t/p/w500/wuMc08IPKEatf9rnMNXvIDxqP4W.jpg', NULL, 'Chris Columbus', 'Daniel Radcliffe, Emma Watson, Rupert Grint', 'UK', 2001, 'Magic / Fantasy, Adventure, Family movie', 'Cậu bé Harry Potter khám phá bản thân là phù thủy và bắt đầu hành trình tại Hogwarts.', 1, NOW(), NULL, NULL, 1),
('The Lord of the Rings: The Fellowship of the Ring', 'The Lord of the Rings: The Fellowship of the Ring', 178, 'https://image.tmdb.org/t/p/w500/6oom5QYQ2yQTMJIbnvbkBL9cHo6.jpg', NULL, 'Peter Jackson', 'Elijah Wood, Ian McKellen', 'New Zealand', 2001, 'Magic / Fantasy, Adventure, Action', 'Frodo và đồng đội bắt đầu hành trình tiêu diệt chiếc nhẫn quyền lực.', 1, NOW(), NULL, NULL, 1),
('Alice in Wonderland', 'Alice in Wonderland', 108, 'https://image.tmdb.org/t/p/w500/20mOwAAPwZ1vLQkw0fvuQHiG7bO.jpg', NULL, 'Tim Burton', 'Mia Wasikowska, Johnny Depp', 'USA', 2010, 'Magic / Fantasy, Adventure', 'Alice quay trở lại xứ sở thần tiên để đánh bại Nữ hoàng Đỏ.', 1, NOW(), NULL, NULL, 1),
('Pan’s Labyrinth', 'Pan’s Labyrinth', 118, 'https://cdn11.bigcommerce.com/s-yzgoj/images/stencil/1280x1280/products/2896551/5914722/MOVGI3989__64009.1679567353.jpg?c=2', NULL, 'Guillermo del Toro', 'Ivana Baquero, Sergi López', 'Spain', 2006, 'Magic / Fantasy, Drama, War', 'Cô bé Ofelia khám phá mê cung kỳ ảo giữa bối cảnh chiến tranh Tây Ban Nha.', 1, NOW(), NULL, NULL, 1),
('Fantastic Beasts and Where to Find Them', 'Fantastic Beasts and Where to Find Them', 132, 'https://image.tmdb.org/t/p/w500/h6NYfVUyM6CDURtZSnBpz647Ldd.jpg', NULL, 'David Yates', 'Eddie Redmayne, Katherine Waterston', 'UK', 2016, 'Magic / Fantasy, Adventure, Action', 'Phù thủy Newt Scamander mang vali chứa sinh vật kỳ lạ đến New York.', 1, NOW(), NULL, NULL, 1),
('The Shape of Water', 'The Shape of Water', 123, 'https://image.tmdb.org/t/p/w500/k4FwHlMhuRR5BISY2Gm2QZHlH5Q.jpg', NULL, 'Guillermo del Toro', 'Sally Hawkins, Michael Shannon', 'USA', 2017, 'Magic / Fantasy, Romance, Drama', 'Người phụ nữ câm đem lòng yêu sinh vật thủy quái bị giam giữ trong phòng thí nghiệm.', 1, NOW(), NULL, NULL, 1),

-- ===== THRILLER =====
('Gone Girl', 'Gone Girl', 149, 'https://image.tmdb.org/t/p/w500/qymaJhucquUwjpb8oiqynMeXnID.jpg', NULL, 'David Fincher', 'Ben Affleck, Rosamund Pike', 'USA', 2014, 'Thriller, Mystery, Drama', 'Một người chồng trở thành nghi phạm khi vợ anh ta mất tích bí ẩn.', 1, NOW(), NULL, NULL, 1),
('Se7en', 'Se7en', 127, 'https://image.tmdb.org/t/p/w500/6yoghtyTpznpBik8EngEmJskVUO.jpg', NULL, 'David Fincher', 'Morgan Freeman, Brad Pitt', 'USA', 1995, 'Thriller, Crime & Gangster, Detective', 'Hai thám tử truy đuổi kẻ sát nhân giết người dựa theo bảy tội lỗi chết người.', 1, NOW(), NULL, NULL, 1),
('Shutter Island', 'Shutter Island', 138, 'https://image.tmdb.org/t/p/w500/kve20tXwUZpu4GUX8l6X7Z4jmL6.jpg', NULL, 'Martin Scorsese', 'Leonardo DiCaprio, Mark Ruffalo', 'USA', 2010, 'Thriller, Mystery, Psychological', 'Hai cảnh sát điều tra vụ mất tích tại bệnh viện tâm thần biệt lập.', 1, NOW(), NULL, NULL, 1),
('Parasite', 'Parasite', 132, 'https://image.tmdb.org/t/p/w500/7IiTTgloJzvGI1TAYymCfbfl3vT.jpg', NULL, 'Bong Joon-ho', 'Song Kang-ho, Choi Woo-sik', 'Korea', 2019, 'Thriller, Drama, Tragedy', 'Gia đình nghèo len lỏi vào nhà giàu, dẫn đến chuỗi sự kiện bi kịch.', 1, NOW(), NULL, NULL, 1),
('Prisoners', 'Prisoners', 153, 'https://image.tmdb.org/t/p/w500/tuZhZ6biFMr5n9YSVuHOJnNL1uU.jpg', NULL, 'Denis Villeneuve', 'Hugh Jackman, Jake Gyllenhaal', 'USA', 2013, 'Thriller, Mystery, Drama', 'Hai cô bé mất tích và người cha quyết định tự mình tìm công lý.', 1, NOW(), NULL, NULL, 1),
('The Sixth Sense', 'The Sixth Sense', 107, 'https://image.tmdb.org/t/p/w500/fIssD3w3SvIhPPmVo4WMgZDVLID.jpg', NULL, 'M. Night Shyamalan', 'Bruce Willis, Haley Joel Osment', 'USA', 1999, 'Thriller, Mystery, Psychological', 'Cậu bé có khả năng nhìn thấy linh hồn khiến bác sĩ tâm lý rơi vào bí ẩn ghê rợn.', 1, NOW(), NULL, NULL, 1),

-- ===== DETECTIVE =====
('Sherlock Holmes', 'Sherlock Holmes', 128, 'https://resizing.flixster.com/D0K4cj9Ru88N-jEdUpfYtm0SExI=/fit-in/705x460/v2/https://resizing.flixster.com/-XZAfHZM39UwaGJIFWKAE8fS0ak=/v3/t/assets/p8992561_b_v8_aa.jpg', NULL, 'Guy Ritchie', 'Robert Downey Jr., Jude Law', 'UK', 2009, 'Detective, Action, Mystery', 'Thám tử Sherlock Holmes và Watson điều tra vụ án liên quan đến nghi thức đen tối.', 1, NOW(), NULL, NULL, 1),
('Knives Out', 'Knives Out', 130, 'https://image.tmdb.org/t/p/w500/pThyQovXQrw2m0s9x82twj48Jq4.jpg', NULL, 'Rian Johnson', 'Daniel Craig, Chris Evans, Ana de Armas', 'USA', 2019, 'Detective, Mystery, Comedy', 'Một thám tử điều tra cái chết của tiểu thuyết gia nổi tiếng với nhiều nghi phạm trong gia đình.', 1, NOW(), NULL, NULL, 1),
('Zodiac', 'Zodiac', 157, 'https://image.tmdb.org/t/p/w500/6YmeO4pB7XTh8P8F960O1uA14JO.jpg', NULL, 'David Fincher', 'Jake Gyllenhaal, Robert Downey Jr.', 'USA', 2007, 'Detective, Thriller, Crime & Gangster', 'Các phóng viên và cảnh sát truy lùng kẻ giết người hàng loạt ở San Francisco.', 1, NOW(), NULL, NULL, 1),
('Murder on the Orient Express', 'Murder on the Orient Express', 114, 'https://m.media-amazon.com/images/M/MV5BNTlkYjBlZTctZjg2YS00NDMzLTlkMTMtNWExMGYyOTliMmEzXkEyXkFqcGc@._V1_.jpg', NULL, 'Kenneth Branagh', 'Kenneth Branagh, Penélope Cruz, Johnny Depp', 'UK', 2017, 'Detective, Mystery, Historical', 'Thám tử Poirot điều tra vụ giết người bí ẩn trên chuyến tàu sang trọng.', 1, NOW(), NULL, NULL, 1),
('The Girl with the Dragon Tattoo', 'The Girl with the Dragon Tattoo', 158, 'https://m.media-amazon.com/images/M/MV5BMTczNDk4NTQ0OV5BMl5BanBnXkFtZTcwNDAxMDgxNw@@._V1_FMjpg_UX1000_.jpg', NULL, 'David Fincher', 'Rooney Mara, Daniel Craig', 'USA', 2011, 'Detective, Thriller, Drama', 'Phóng viên và hacker điều tra vụ mất tích kéo dài hàng thập kỷ.', 1, NOW(), NULL, NULL, 1),
('Enola Holmes', 'Enola Holmes', 123, 'https://image.tmdb.org/t/p/w500/riYInlsq2kf1AWoGm80JQW5dLKp.jpg', NULL, 'Harry Bradbeer', 'Millie Bobby Brown, Henry Cavill', 'UK', 2020, 'Detective, Adventure, Mystery', 'Em gái của Sherlock Holmes lên đường tìm mẹ mất tích và phá giải âm mưu chính trị.', 1, NOW(), NULL, NULL, 1),

-- ===== NEW FILM IN OCT/2025 =====
-- 🎬 Phim 150: Dune: Part Two
('Dune: Part Two', 'Dune 2', 166, 'https://image.tmdb.org/t/p/w500/8b8R8l88Qje9dn9OE8PY05Nxl1X.jpg', NULL,
'Denis Villeneuve', 'Timothée Chalamet, Zendaya, Rebecca Ferguson', 'USA', 2024,
'Sci-fi, Action, Drama', 'Cuộc chiến vĩ đại giữa nhà Atreides và Harkonnen trên hành tinh sa mạc Arrakis.', 1, NOW(), NULL, NULL, 1),

-- 🎬 Phim 151: Deadpool & Wolverine
('Deadpool & Wolverine', 'Deadpool 3', 127, 'https://image.tmdb.org/t/p/w500/fdZpvODTX5wwkD0ikZNaClE4AoW.jpg', NULL,
'Shawn Levy', 'Ryan Reynolds, Hugh Jackman, Emma Corrin', 'USA', 2024,
'Action, Comedy, Superhero', 'Deadpool và Wolverine bắt tay trong một nhiệm vụ đa vũ trụ hỗn loạn, vừa bạo lực vừa hài hước.', 1, NOW(), NULL, NULL, 1),

-- 🎬 Phim 152: Inside Out 2
('Inside Out 2', 'Inside Out 2', 100, 'https://static1.srcdn.com/wordpress/wp-content/uploads/2024/05/deadpool-and-wolverine-poster-showing-wade-wilson-s-swords-showing-hugh-jackman-s-reflection.jpg', NULL,
'Kelsey Mann', 'Amy Poehler, Maya Hawke, Phyllis Smith', 'USA', 2024,
'Animation, Family, Comedy', 'Riley bước vào tuổi thiếu niên với những cảm xúc mới, khiến thế giới nội tâm trở nên hỗn loạn.', 1, NOW(), NULL, NULL, 1),

-- 🎬 Phim 153: Oppenheimer
('Oppenheimer', 'Oppenheimer', 180, 'https://c8.alamy.com/comp/2T2GNYE/oppenheimer-cillian-murphy-poster-2T2GNYE.jpg', NULL,
'Christopher Nolan', 'Cillian Murphy, Emily Blunt, Matt Damon', 'USA', 2023,
'Drama, Historical, Biography', 'Câu chuyện về J. Robert Oppenheimer và dự án Manhattan — khởi nguồn của bom nguyên tử.', 1, NOW(), NULL, NULL, 1),

-- 🎬 Phim 154: The Batman
('The Batman', 'The Batman', 176, 'https://image.tmdb.org/t/p/w500/74xTEgt7R36Fpooo50r9T25onhq.jpg', NULL,
'Matt Reeves', 'Robert Pattinson, Zoë Kravitz, Colin Farrell', 'USA', 2022,
'Action, Crime, Mystery', 'Bruce Wayne đối đầu với kẻ giết người hàng loạt Riddler trong thành phố Gotham tăm tối.', 1, NOW(), NULL, NULL, 1),

-- 🎬 Phim 155: Jujutsu Kaisen: Hidden Inventory / Premature Death
('Jujutsu Kaisen: Hidden Inventory / Premature Death', 'Jujutsu Kaisen S2', 123, 'https://dvvy6louqcr7j.cloudfront.net/vista/HO00016107/heroPoster/jujutsu-kaisen-hidden-inventory-premature-death.png', NULL,
'Shōta Goshozono', 'Yuichi Nakamura, Takahiro Sakurai, Kana Hanazawa', 'Japan', 2023,
'Anime, Action, Fantasy', 'Quá khứ của Gojo Satoru và Geto Suguru được hé lộ, mở đầu cho thảm kịch khiến thế giới chú thuật đảo lộn.', 1, NOW(), NULL, NULL, 1),

-- 🎬 Phim 156: Cục Vàng Của Ngoại
('Cục Vàng Của Ngoại', 'Cuc Vang Cua Ngoai', 105, 'https://static.khenphim.com/khenohim_media/2025/10/Cuc-Vang-Cua-Ngoai-pic1-poster_KP-scaled.webp', NULL,
'Nhất Trung', 'NSND Hồng Vân, Đại Nghĩa, Sam, Midu', 'Vietnam', 2024,
'Comedy, Family, Drama', 'Một câu chuyện cảm động và hài hước về tình cảm gia đình khi "cục vàng" của ngoại trở về quê nhà.', 1, NOW(), NULL, NULL, 1);





CREATE TABLE IF NOT EXISTS `phong` (
  `MaPhong` int NOT NULL AUTO_INCREMENT,
  `TenPhong` varchar(255) NOT NULL,
  `NguoiTao` int NOT NULL,
  `NgayTao` datetime NOT NULL,
  `NguoiCapNhat` int DEFAULT NULL,
  `NgayCapNhat` datetime DEFAULT NULL,
  `TrangThai` tinyint(1) DEFAULT NULL,
  PRIMARY KEY (`MaPhong`)
) ENGINE=InnoDB AUTO_INCREMENT=7 DEFAULT CHARSET=utf8mb3;

INSERT INTO `phong` (`MaPhong`, `TenPhong`, `NguoiTao`, `NgayTao`, `NguoiCapNhat`, `NgayCapNhat`, `TrangThai`) VALUES
	(2, 'Rạp 1', 3, '2024-11-10 09:22:49', 3, '2024-11-10 09:23:11', 1),
	(3, 'Rạp 2', 3, '2024-11-10 09:22:53', 3, '2024-11-10 09:23:15', 1),
	(4, 'Rạp 3', 3, '2024-11-10 09:22:58', 3, '2024-11-10 09:22:58', 1),
	(6, 'Rap 4', 3, '2024-11-21 16:18:18', 3, '2024-11-21 16:18:18', 1);

CREATE TABLE IF NOT EXISTS `slider` (
  `Id` int NOT NULL AUTO_INCREMENT,
  `TenSlider` varchar(255) NOT NULL,
  `URL` varchar(255) DEFAULT NULL,
  `MaPhim` int DEFAULT NULL,
  `Anh` varchar(255) DEFAULT NULL,
  `SapXep` tinyint DEFAULT NULL,
  `ViTri` varchar(255) NOT NULL,
  `MoTa` varchar(255) NOT NULL,
  `TuKhoa` varchar(255) NOT NULL,
  `TenChuDe` varchar(255) NOT NULL,
  `NguoiTao` int NOT NULL,
  `NgayTao` datetime NOT NULL,
  `NguoiCapNhat` int DEFAULT NULL,
  `NgayCapNhat` datetime DEFAULT NULL,
  `TrangThai` tinyint(1) DEFAULT NULL,
  PRIMARY KEY (`Id`),
  CONSTRAINT `fk_slider_phim` FOREIGN KEY (`MaPhim`) REFERENCES `phim`(`MaPhim`)
) ENGINE=InnoDB AUTO_INCREMENT=5 DEFAULT CHARSET=utf8mb3;


INSERT INTO `slider` 
(`TenSlider`, `URL`, `Anh`, `SapXep`, `ViTri`, `MoTa`, `TuKhoa`, `TenChuDe`, `NguoiTao`, `NgayTao`, `NguoiCapNhat`, `NgayCapNhat`, `TrangThai`) VALUES
-- 1. Deadpool & Wolverine
('Deadpool & Wolverine', 'https://www.marvel.com/movies/deadpool-and-wolverine', 'https://image.tmdb.org/t/p/original/fzKWwcaam9QSTaMSJlORuSojxio.jpg', 1, 'header', 'Deadpool hợp tác với Wolverine trong một cuộc hành trình đa vũ trụ đầy máu me và hài hước.', 'Deadpool, Wolverine, Marvel', 'Deadpool & Wolverine', 1, NOW(), 1, NOW(), 1),
-- 2. Dune: Part Two
('Dune: Part Two', 'https://www.warnerbros.com/movies/dune-part-two', 'https://image.tmdb.org/t/p/original/8b8R8l88Qje9dn9OE8PY05Nxl1X.jpg', 2, 'header', 'Paul Atreides liên minh với người Fremen để trả thù và giành lại Arrakis trong phần hai sử thi Dune.', 'Dune, Sci-fi, Desert', 'Dune: Part Two', 1, NOW(), 1, NOW(), 1),
-- 3. Avatar: The Way of Water
('Avatar: The Way of Water', 'https://www.avatar.com/movies/avatar-the-way-of-water', 'https://image.tmdb.org/t/p/original/t6HIqrRAclMCA60NsSmeqe9RmNV.jpg', 3, 'header', 'Jake Sully và Neytiri cùng gia đình phải bảo vệ hành tinh Pandora khỏi mối đe dọa mới.', 'Avatar, Sci-fi, Pandora', 'Avatar: The Way of Water', 1, NOW(), 1, NOW(), 1),
-- 4. Fast X
('Fast X', 'https://www.thefastsaga.com/fast-x', 'https://image.tmdb.org/t/p/original/fiVW06jE7z9YnO4trhaMEdclSiC.jpg', 4, 'header', 'Dominic Toretto đối mặt với kẻ thù mới khi gia đình anh bị chia cắt và đe dọa từ mọi phía.', 'Fast X, Vin Diesel, Action', 'Fast X', 1, NOW(), 1, NOW(), 1);





CREATE TABLE IF NOT EXISTS `suatchieu` (
  `MaSuatChieu` int NOT NULL AUTO_INCREMENT,
  `MaPhim` int NOT NULL,
  `MaPhong` int NOT NULL,
  `GioChieu` datetime NOT NULL,
  `NguoiTao` int NOT NULL,
  `NgayTao` datetime NOT NULL,
  `NguoiCapNhat` int DEFAULT NULL,
  `NgayCapNhat` datetime DEFAULT NULL,
  `TrangThai` tinyint(1) DEFAULT NULL,
  PRIMARY KEY (`MaSuatChieu`),
  KEY `FK_SuatChieu_Phim` (`MaPhim`),
  KEY `fk_MaPhong` (`MaPhong`),
  CONSTRAINT `fk_MaPhong` FOREIGN KEY (`MaPhong`) REFERENCES `phong` (`MaPhong`) ON DELETE CASCADE ON UPDATE CASCADE,
  CONSTRAINT `FK_SuatChieu_Phim` FOREIGN KEY (`MaPhim`) REFERENCES `phim` (`MaPhim`) ON DELETE CASCADE,
  CONSTRAINT `suatchieu_ibfk_1` FOREIGN KEY (`MaPhim`) REFERENCES `phim` (`MaPhim`)
) ENGINE=InnoDB AUTO_INCREMENT=42 DEFAULT CHARSET=utf8mb3;

INSERT INTO `suatchieu`(`MaSuatChieu`, `MaPhim`, `MaPhong`, `GioChieu`, `NguoiTao`, `NgayTao`, `NguoiCapNhat`, `NgayCapNhat`, `TrangThai`) VALUES 

-- 🎬 DUNE: PART TWO
(20, 150, 6, '2025-10-22 14:00:00', 3, NOW(), 3, NOW(), 1),
(202, 150, 2, '2025-10-23 19:00:00', 3, NOW(), 3, NOW(), 1),
(203, 150, 3, '2025-10-25 21:00:00', 3, NOW(), 3, NOW(), 1),
(204, 150, 4, '2025-10-27 17:30:00', 3, NOW(), 3, NOW(), 1),
(205, 150, 2, '2025-10-30 20:00:00', 3, NOW(), 3, NOW(), 1),

-- 🎬 DEADPOOL & WOLVERINE
(206, 151, 2, '2025-10-23 15:30:00', 3, NOW(), 3, NOW(), 1),
(24, 151, 3, '2025-10-25 20:00:00', 3, NOW(), 3, NOW(), 1),
(208, 151, 6, '2025-10-27 10:00:00', 3, NOW(), 3, NOW(), 1),
(209, 151, 4, '2025-10-29 18:30:00', 3, NOW(), 3, NOW(), 1),
(210, 151, 2, '2025-11-02 21:00:00', 3, NOW(), 3, NOW(), 1),

-- 🎬 INSIDE OUT 2
(211, 152, 3, '2025-10-22 09:30:00', 3, NOW(), 3, NOW(), 1),
(212, 152, 4, '2025-10-24 13:00:00', 3, NOW(), 3, NOW(), 1),
(30, 152, 2, '2025-10-26 15:30:00', 3, NOW(), 3, NOW(), 1),
(214, 152, 6, '2025-10-28 10:00:00', 3, NOW(), 3, NOW(), 1),
(215, 152, 3, '2025-11-01 17:00:00', 3, NOW(), 3, NOW(), 1),

-- 🎬 OPPENHEIMER
(216, 153, 2, '2025-10-22 18:00:00', 3, NOW(), 3, NOW(), 1),
(217, 153, 6, '2025-10-24 20:30:00', 3, NOW(), 3, NOW(), 1),
(218, 153, 3, '2025-10-26 16:00:00', 3, NOW(), 3, NOW(), 1),
(33, 153, 4, '2025-10-29 19:00:00', 3, NOW(), 3, NOW(), 1),
(220, 153, 2, '2025-11-03 21:15:00', 3, NOW(), 3, NOW(), 1),

-- 🎬 THE BATMAN
(221, 154, 4, '2025-10-23 14:30:00', 3, NOW(), 3, NOW(), 1),
(222, 154, 3, '2025-10-25 18:30:00', 3, NOW(), 3, NOW(), 1),
(223, 154, 6, '2025-10-28 21:00:00', 3, NOW(), 3, NOW(), 1),
(224, 154, 2, '2025-10-30 19:45:00', 3, NOW(), 3, NOW(), 1),
(44, 154, 4, '2025-11-04 22:00:00', 3, NOW(), 3, NOW(), 1),

-- 🎬 JUJUTSU KAISEN: HIDDEN INVENTORY
(226, 155, 3, '2025-10-22 10:00:00', 3, NOW(), 3, NOW(), 1),
(227, 155, 4, '2025-10-24 16:00:00', 3, NOW(), 3, NOW(), 1),
(228, 155, 2, '2025-10-27 18:00:00', 3, NOW(), 3, NOW(), 1),
(229, 155, 6, '2025-10-31 20:30:00', 3, NOW(), 3, NOW(), 1),
(230, 155, 4, '2025-11-03 09:00:00', 3, NOW(), 3, NOW(), 1),

-- 🎬 CỤC VÀNG CỦA NGOẠI
(231, 156, 6, '2025-10-22 08:30:00', 3, NOW(), 3, NOW(), 1),
(999, 156, 2, '2025-10-24 13:45:00', 3, NOW(), 3, NOW(), 1),
(233, 156, 3, '2025-10-27 16:30:00', 3, NOW(), 3, NOW(), 1),
(234, 156, 4, '2025-10-30 19:30:00', 3, NOW(), 3, NOW(), 1),
(235, 156, 2, '2025-11-02 10:00:00', 3, NOW(), 3, NOW(), 1);


CREATE TABLE IF NOT EXISTS `taikhoan` (
  `MaND` int NOT NULL AUTO_INCREMENT,
  `TenDangNhap` varchar(50) NOT NULL,
  `MatKhau` varchar(100) NOT NULL,
  `TenND` varchar(200) NOT NULL,
  `Quyen` tinyint NOT NULL,
  PRIMARY KEY (`MaND`),
  UNIQUE KEY `TenDangNhap` (`TenDangNhap`)
) ENGINE=InnoDB AUTO_INCREMENT=21 DEFAULT CHARSET=utf8mb3;

INSERT INTO `taikhoan` (`MaND`, `TenDangNhap`, `MatKhau`, `TenND`, `Quyen`) VALUES
	(3, 'admin', '$2y$10$lUctaWcCDsBuqUDMfOjrgurE38WXuChJYqmD3MTLOlsYYbzK5zkTS', 'Admin', 1),
	(5, 'nguoidung1', '$2y$10$lUctaWcCDsBuqUDMfOjrgurE38WXuChJYqmD3MTLOlsYYbzK5zkTS', 'Đặng Phạm Đăng Khoa', 0),
	(8, 'admin2', '$2y$10$lUctaWcCDsBuqUDMfOjrgurE38WXuChJYqmD3MTLOlsYYbzK5zkTS', 'Tống Xuân Hoàng', 1),
	(10, 'admin1', '$2y$10$lUctaWcCDsBuqUDMfOjrgurE38WXuChJYqmD3MTLOlsYYbzK5zkTS', 'Trần Phúc Nguyên', 1),
	(11, 'nguoidung2', '$2y$10$lUctaWcCDsBuqUDMfOjrgurE38WXuChJYqmD3MTLOlsYYbzK5zkTS', 'Đặng Phạm Đăng Khoa2', 0);

CREATE TABLE IF NOT EXISTS `thamso` (
  `Id` int NOT NULL AUTO_INCREMENT,
  `TenThamSo` varchar(255) DEFAULT NULL,
  `DonViTinh` varchar(255) DEFAULT NULL,
  `GiaTri` varchar(255) DEFAULT NULL,
  `TrangThai` tinyint(1) NOT NULL,
  PRIMARY KEY (`Id`)
) ENGINE=InnoDB AUTO_INCREMENT=9 DEFAULT CHARSET=utf8mb3;

INSERT INTO `thamso` (`Id`, `TenThamSo`, `DonViTinh`, `GiaTri`, `TrangThai`) VALUES
	(2, 'Đơn', 'VNĐ', '79000', 1),
	(3, 'Đôi', 'VNĐ', '180000', 1),
	(4, 'VIP', 'VNĐ', '150000', 1),
	(5, 'Silver', 'VNĐ', '2000000', 1),
	(6, 'Gold', 'VNĐ', '4500000', 1),
	(7, 'Platinum', 'VNĐ', '9000000', 1);

CREATE TABLE IF NOT EXISTS `theloai` (
  `MaTheLoai` int NOT NULL AUTO_INCREMENT,
  `TenTheLoai` varchar(255) NOT NULL,
  `NguoiTao` int DEFAULT NULL,
  `NgayTao` datetime DEFAULT NULL,
  `NguoiCapNhat` int DEFAULT NULL,
  `NgayCapNhat` datetime DEFAULT NULL,
  `TrangThai` tinyint(1) DEFAULT NULL,
  PRIMARY KEY (`MaTheLoai`)
) ENGINE=InnoDB AUTO_INCREMENT=52 DEFAULT CHARSET=utf8mb3;

INSERT INTO `theloai` (`MaTheLoai`, `TenTheLoai`, `NguoiTao`, `NgayTao`, `NguoiCapNhat`, `NgayCapNhat`, `TrangThai`) VALUES
(1, 'Horror', 1, NOW(), NULL, NULL, 1),
(2, 'Thriller', 1, NOW(), NULL, NULL, 1),
(3, 'Mystery', 1, NOW(), NULL, NULL, 1),
(4, 'Drama', 1, NOW(), NULL, NULL, 1),
(5, 'Romance', 1, NOW(), NULL, NULL, 1),
(6, 'Action', 1, NOW(), NULL, NULL, 1),
(7, 'Adventure', 1, NOW(), NULL, NULL, 1),
(8, 'Comedy', 1, NOW(), NULL, NULL, 1),
(9, 'Sci-fi', 1, NOW(), NULL, NULL, 1),
(10, 'War', 1, NOW(), NULL, NULL, 1),
(11, 'Crime & Gangster', 1, NOW(), NULL, NULL, 1),
(12, 'Historical', 1, NOW(), NULL, NULL, 1),
(13, 'Biography', 1, NOW(), NULL, NULL, 1),
(14, 'Family movie', 1, NOW(), NULL, NULL, 1),
(15, 'Cartoon', 1, NOW(), NULL, NULL, 1),
(16, 'Musical', 1, NOW(), NULL, NULL, 1),
(17, 'Tragedy', 1, NOW(), NULL, NULL, 1),
(18, 'Psychological', 1, NOW(), NULL, NULL, 1),
(19, 'Western', 1, NOW(), NULL, NULL, 1),
(20, 'Magic / Fantasy', 1, NOW(), NULL, NULL, 1),
(21, 'Detective', 1, NOW(), NULL, NULL, 1),
(22, 'Teen', 1, NOW(), NULL, NULL, 1),
(23, 'Nature', 1, NOW(), NULL, NULL, 1),
(24, 'Documentary', 1, NOW(), NULL, NULL, 1),
(25, 'Sitcom', 1, NOW(), NULL, NULL, 1),
(26, 'Anime', 1, NOW(), NULL, NULL, 1);

CREATE TABLE IF NOT EXISTS `theloai_film` (
  `Id` int NOT NULL AUTO_INCREMENT,
  `MaTheLoai` int DEFAULT NULL,
  `MaPhim` int DEFAULT NULL,
  PRIMARY KEY (`Id`),
  KEY `FK_TheLoai_Film_Phim` (`MaPhim`),
  KEY `FK_TheLoai_Film_TheLoai` (`MaTheLoai`),
  CONSTRAINT `FK_TheLoai_Film_Phim` FOREIGN KEY (`MaPhim`) REFERENCES `phim` (`MaPhim`),
  CONSTRAINT `FK_TheLoai_Film_TheLoai` FOREIGN KEY (`MaTheLoai`) REFERENCES `theloai` (`MaTheLoai`),
  CONSTRAINT `theloai_film_ibfk_1` FOREIGN KEY (`MaTheLoai`) REFERENCES `theloai` (`MaTheLoai`),
  CONSTRAINT `theloai_film_ibfk_2` FOREIGN KEY (`MaPhim`) REFERENCES `phim` (`MaPhim`)
) ENGINE=InnoDB AUTO_INCREMENT=124 DEFAULT CHARSET=utf8mb3;

INSERT INTO `theloai_film` (`Id`, `MaTheLoai`, `MaPhim`) VALUES
-- ===== HORROR ===== (Phim 41-47)
(1, 1, 41), (2, 2, 41),
(3, 1, 42), (4, 3, 42),
(5, 1, 43), (6, 3, 43), (7, 2, 43),
(8, 1, 44), (9, 9, 44), (10, 2, 44),
(11, 1, 45), (12, 2, 45),
(13, 1, 46), (14, 3, 46), (15, 4, 46),
(16, 1, 47), (17, 2, 47), (18, 3, 47),

-- ===== FAMILY MOVIE ===== (Phim 48-54)
(19, 14, 48), (20, 8, 48), (21, 7, 48),
(22, 14, 49), (23, 16, 49), (24, 4, 49),
(25, 14, 50), (26, 15, 50), (27, 16, 50),
(28, 14, 51), (29, 15, 51), (30, 9, 51),
(31, 14, 52), (32, 8, 52),
(33, 14, 53), (34, 15, 53), (35, 8, 53),
(36, 14, 54), (37, 15, 54), (38, 7, 54),

-- ===== CRIME & GANGSTER ===== (Phim 55-61)
(39, 11, 55), (40, 4, 55),
(41, 11, 56), (42, 12, 56), (43, 4, 56),
(44, 11, 57), (45, 4, 57),
(46, 6, 58), (47, 11, 58), (48, 2, 58),
(49, 11, 59), (50, 2, 59), (51, 4, 59),
(52, 11, 60), (53, 4, 60), (54, 6, 60),
(55, 11, 61), (56, 4, 61), (57, 17, 61),

-- ===== WAR ===== (Phim 62-67)
(58, 10, 62), (59, 4, 62), (60, 12, 62),
(61, 10, 63), (62, 4, 63), (63, 12, 63),
(64, 10, 64), (65, 13, 64), (66, 4, 64),
(67, 10, 65), (68, 6, 65), (69, 4, 65),
(70, 10, 66), (71, 17, 66), (72, 18, 66),
(73, 10, 67), (74, 4, 67), (75, 17, 67),

-- ===== TRAGEDY ===== (Phim 68-73)
(76, 17, 68), (77, 5, 68), (78, 12, 68),
(79, 17, 69), (80, 10, 69), (81, 12, 69),
(82, 17, 70), (83, 4, 70), (84, 18, 70),
(85, 17, 71), (86, 4, 71),
(87, 17, 72), (88, 4, 72), (89, 11, 72),
(90, 17, 73), (91, 4, 73), (92, 20, 73),

-- ===== HISTORICAL ===== (Phim 74-79)
(93, 12, 74), (94, 10, 74), (95, 4, 74),
(96, 12, 75), (97, 6, 75), (98, 4, 75),
(99, 12, 76), (100, 4, 76), (101, 13, 76),
(102, 12, 77), (103, 4, 77), (104, 10, 77),
(105, 12, 78), (106, 6, 78), (107, 10, 78),
(108, 12, 79), (109, 10, 79), (110, 17, 79),

-- ===== DRAMA ===== (Phim 80-85)
(111, 4, 80), (112, 5, 80), (113, 12, 80),
(114, 4, 81), (115, 17, 81),
(116, 4, 82), (117, 13, 82),
(118, 4, 83), (119, 13, 83), (120, 18, 83),
(121, 4, 84), (122, 12, 84), (123, 13, 84),
(124, 4, 85), (125, 5, 85), (126, 16, 85),

-- ===== BIOGRAPHY ===== (Phim 83-87) (Id đã được đánh số lại từ 127)
(127, 13, 83), (128, 4, 83), (129, 18, 83),
(130, 13, 84), (131, 12, 84), (132, 4, 84),
(133, 13, 85), (134, 16, 85), (135, 4, 85),
(136, 13, 86), (137, 12, 86), (138, 4, 86),
(139, 13, 87), (140, 4, 87), (141, 5, 87),

-- ===== CARTOON ===== (Phim 50, 51, 53, 54, 90-92) (Id đã được đánh số lại từ 142)
(142, 15, 50), (143, 15, 51), (144, 15, 53), (145, 15, 54),
(146, 15, 90), (147, 15, 91), (148, 15, 92),

-- ===== MUSICAL ===== (Phim 85-90, 49, 50) (Id đã được đánh số lại từ 149)
(149, 16, 85), (150, 16, 86), (151, 16, 87),
(152, 16, 88), (153, 16, 89), (154, 16, 90),
(155, 16, 49), (156, 16, 50),

-- ===== TRAGEDY (Data bổ sung) ===== (Phim 66, 67, 68, 69, 70, 71, 72, 79) (Id đã được đánh số lại từ 157)
(157, 17, 66), (158, 17, 67), (159, 17, 68),
(160, 17, 69), (161, 17, 70), (162, 17, 71),
(163, 17, 72), (164, 17, 79),

-- ===== PSYCHOLOGICAL ===== (Phim 83, 95-98) (Id đã được đánh số lại từ 165)
(165, 18, 83), (166, 18, 95), (167, 18, 96),
(168, 18, 97), (169, 18, 98),

-- ===== WESTERN ===== (Phim 99-104) (Id đã được đánh số lại từ 170)
(170, 19, 99), (171, 19, 100), (172, 19, 101),
(173, 19, 102), (174, 19, 103), (175, 19, 104),

-- ===== MAGIC / FANTASY ===== (Phim 105-110) (Id đã được đánh số lại từ 176)
(176, 20, 105), (177, 20, 106), (178, 20, 107),
(179, 20, 108), (180, 20, 109), (181, 20, 110),

-- ===== DETECTIVE ===== (Phim 111-116) (Id đã được đánh số lại từ 182)
(182, 21, 111), (183, 21, 112), (184, 21, 113),
(185, 21, 114), (186, 21, 115), (187, 21, 116),

-- ===== TEEN ===== (Phim 120-122) (Id đã được đánh số lại từ 188)
(188, 22, 120), (189, 22, 121), (190, 22, 122),

-- ===== NATURE ===== (Phim 123-125) (Id đã được đánh số lại từ 191)
(191, 23, 123), (192, 23, 124), (193, 23, 125),

-- ===== DOCUMENTARY ===== (Phim 123-127) (Id đã được đánh số lại từ 194)
(194, 24, 123), (195, 24, 124), (196, 24, 125), (197, 24, 126), (198, 24, 127),

-- ===== SITCOM ===== (Phim 128-132) (Id đã được đánh số lại từ 199)
(199, 25, 128), (200, 25, 129), (201, 25, 130), (202, 25, 131), (203, 25, 132),

-- ===== DUNE: PART TWO ===== (Sci-fi, Action, Drama)
(204, 9, 150),  -- Sci-fi
(205, 6, 150),  -- Action
(206, 4, 150),  -- Drama

-- ===== DEADPOOL & WOLVERINE ===== (Action, Comedy)
(207, 6, 151),  -- Action
(208, 8, 151),  -- Comedy

-- ===== INSIDE OUT 2 ===== (Cartoon, Family movie, Comedy)
(209, 15, 152), -- Cartoon
(210, 14, 152), -- Family movie
(211, 8, 152),  -- Comedy

-- ===== OPPENHEIMER ===== (Drama, Historical, Biography, War)
(212, 4, 153),  -- Drama
(213, 12, 153), -- Historical
(214, 13, 153), -- Biography
(215, 10, 153), -- War

-- ===== THE BATMAN ===== (Action, Crime & Gangster, Mystery, Thriller)
(216, 6, 154),  -- Action
(217, 11, 154), -- Crime & Gangster
(218, 3, 154),  -- Mystery
(219, 2, 154),  -- Thriller

-- ===== JUJUTSU KAISEN: HIDDEN INVENTORY ===== (Anime, Action, Magic / Fantasy)
(220, 26, 155), -- Anime
(221, 6, 155),  -- Action
(222, 20, 155), -- Magic / Fantasy

-- ===== CỤC VÀNG CỦA NGOẠI ===== (Comedy, Family movie, Drama)
(223, 8, 156),  -- Comedy
(224, 14, 156), -- Family movie
(225, 4, 156);  -- Drama


SET @OLDTMP_SQL_MODE=@@SQL_MODE, SQL_MODE='NO_AUTO_VALUE_ON_ZERO';
DELIMITER //
CREATE TRIGGER `after_delete_nguoidung` AFTER DELETE ON `nguoidung` FOR EACH ROW BEGIN
    DELETE FROM TaiKhoan
    WHERE maND = OLD.maND;
END//
DELIMITER ;
SET SQL_MODE=@OLDTMP_SQL_MODE;

SET @OLDTMP_SQL_MODE=@@SQL_MODE, SQL_MODE='NO_AUTO_VALUE_ON_ZERO';
DELIMITER //
CREATE TRIGGER `before_delete_theloai` BEFORE DELETE ON `theloai` FOR EACH ROW BEGIN
    DELETE FROM TheLoai_Film WHERE MaTheLoai = OLD.MaTheLoai;
END//
DELIMITER ;
SET SQL_MODE=@OLDTMP_SQL_MODE;

/*!40103 SET TIME_ZONE=IFNULL(@OLD_TIME_ZONE, 'system') */;
/*!40101 SET SQL_MODE=IFNULL(@OLD_SQL_MODE, '') */;
/*!40014 SET FOREIGN_KEY_CHECKS=IFNULL(@OLD_FOREIGN_KEY_CHECKS, 1) */;
/*!40101 SET CHARACTER_SET_CLIENT=@OLD_CHARACTER_SET_CLIENT */;
/*!40111 SET SQL_NOTES=IFNULL(@OLD_SQL_NOTES, 1) */;
